:0400000508007399E3
:020000040800F2
:1000000000C0002081100008D1100008D1100008A5
:10001000D1100008D1100008D11000080000000025
:10002000000000000000000000000000D1100008E7
:10003000D110000800000000D1100008D110000805
:10004000D1100008D1100008D1100008D11000080C
:10005000D1100008D11000082D0D0008D1100008A3
:10006000D1100008D1100008D1100008D1100008EC
:10007000D1100008D1100008D1100008D1100008DC
:10008000D1100008D1100008D1100008D1100008CC
:10009000D1100008D1100008D1100008D1100008BC
:1000A000D1100008D1100008D1100008D1100008AC
:1000B000D11000080000000000000000D11000086E
:1000C000D11000080000000000000000D11000085E
:1000D00000000000D1100008D1100008000000004E
:1000E000D1100008D110000800000000000000003E
:1000F0000000000000000000000000000000000000
:10010000000000000000000000000000D110000806
:100110000000000000000000890C0008D110000859
:10012000D1100008D1100008D1100008D11000082B
:10013000D1100008000000000000000000000000D6
:10014000D1100008D1100008D1100008650C00087B
:10015000D1100008D1100008D1100008D1100008FB
:10016000D1100008D1100008D110000800000000D4
:10017000D1100008D11000080000000000000000AD
:10018000D1100008D1100008D110000800000000B4
:1001900080B4064A064B936000AF1A6882F3088861
:1001A0005B68BD465DF8047B184700BF00ED00E0CA
:1001B0000050000870B590B000F0D6FB012000F0B0
:1001C00035FC00F011FE00F0B3F8002853D12D4BA0
:1001D000D3F8942092004ED5D3F8942042F4000234
:1001E000C3F8942000F046FA00F0BEFB002000F0B7
:1001F0001DFC00F04DFB00F051FC00F015FE03F07B
:10020000B7F940220021684603F0F7FB00241E4E98
:10021000254600F02DFD401B052804D900F04EF9BD
:1002200000F026FD054600F027FE684600F004FEBB
:10023000002807DD684603F02FFA402200216846B7
:1002400003F0DBFB03F096F9337823B1FA2000F0DA
:10025000AEFD00F0B7FD00F0A1FD10B900F008FD03
:10026000044600F005FD41F28833001B9842D0D9C6
:1002700000F004FECDE700F051F80028B2D0FFF7FF
:1002800087FFAFE700100240D0000020054B00229E
:1002900010B51A600A24E0B2013400F055FC6C2C51
:1002A000F9D110BDDC00002000B5ADF6040D0A49FF
:1002B0004FF40062684603F087FB00236B20CDF803
:1002C000FC3700F041FC04484FF40062694600F03E
:1002D0007DFC0DF6040D00BD0058030800B50D4B64
:1002E000D3F8F83FADF6040D8BB10B494FF4006223
:1002F000684603F069FB00236B20CDF8F83700F067
:1003000023FC05484FF40062694600F05FFC0DF6DF
:10031000040D00BD0050030800580308034BD3F838
:10032000F80FB0FA80F04009704700BF0050030892
:10033000034BD3F8FC0FB0FA80F04009704700BFC0
:10034000005003082DE9F341B1F8088098FA98F8B5
:100350001FFA88F80938012340450C468DF807300C
:1003600040F398800B78403B072B00F29580DFE844
:1003700003F0043A3640433C8B77D1F80150474AAA
:1003800025F07F4545F0006505F17843A3F5A043CE
:1003900093421BD8424B08EB05069E4216D8414FAC
:1003A0003B681BB1404BD3F8F83F4BB9FFF76EFFEA
:1003B0003D4BD3F8F83F012038600BB903F0E2FA67
:1003C0003A4B1A68B24203D900233B60302007E061
:1003D000424604F10A0128461E6000F0F7FB0020A7
:1003E00002B0BDE8F081FFF779FF314B01221A70AE
:1003F000F5E7FFF74BFFF2E72A4B00241C600121D1
:1004000005230DF107008DF8073002F097FE01215A
:100410000DF107008DF8074002F090FE01210DF16B
:1004200007008DF8074002F089FEFF2301210DF13E
:1004300007008DF8073002F081FE0F211D4802F001
:100440007DFE01210DF1070002F078FE1A48082117
:1004500002F074FE01210DF1070002F06FFEBEE70D
:100460008B7ACD2B0ED1CB7ADE2B0BD10B7BBA2B1B
:1004700008D14B7BAA2B05D1FFF716FF00238DF87F
:100480000730E7E72723FAE7012000F023FB00F01D
:10049000F5FCA4E70320A3E70120A1E7F70F030081
:1004A000F85F0308D800002000500308DC0000209B
:1004B000D0000020683A0008783A00080C490D483E
:1004C0000A6803688AB1013B0360581E272882BF6F
:1004D000B2FA82F252090A600A2203EB4300534344
:1004E0001B0443EA002000F0A3BB0133ECE700BF8C
:1004F000D400002004000020024A1368013318448D
:100500001060704700000020024BD868C0F3022042
:10051000704700BF00ED00E0034AD2F8943043F08A
:100520000103C2F89430704700100240024BD3F828
:100530009400C0F34000704700100240024A136864
:1005400043F001031360704700100240024B18682B
:10055000C0F34000704700BF00100240024A136819
:1005600043F008031360704700100240034A136809
:1005700023F0F00303431360704700BF00100240F4
:10058000034A936823F0030303439360704700BF5B
:1005900000100240034A936823F4605303439360BE
:1005A000704700BF00100240044AD2F8883023F0A0
:1005B00040630343C2F88830704700BF0010024018
:1005C000034A136823F0070303431360704700BF17
:1005D00000200240034A136823F4C06303431360FE
:1005E000704700BF00700040054BDA6C024382B0D8
:1005F000DA64DB6C03400193019B02B0704700BFDB
:1006000000100240054B9A6D024382B09A659B6DC3
:1006100003400193019B02B0704700BF00100240ED
:100620004FF0E022136943F00403136170470000A8
:10063000034AD2F8883023F00303C2F888307047A9
:1006400000100240024A936823F4E063936070470D
:1006500000100240024A936823F0F0039360704751
:1006600000100240024A536823F47F4353607047EE
:100670000010024038B5414CA36D43F08053A36590
:100680000220FFF79DFF3E4B1B6803F007038342E8
:1006900003D03C48AE2100F0FDFB4FF40070FFF7A3
:1006A00099FFD4F8983043F00103C4F89830D4F897
:1006B00098309B07FBD5FFF72FFFFFF737FF012887
:1006C000FBD1FFF73BFFFFF741FF0128FBD1B02033
:1006D000FFF744FFFFF74AFF0020FFF7C3FFFFF7D4
:1006E0004FFFA56815F00C05FBD14FF46050FFF7E4
:1006F000B1FFFFF7A7FFFFF74DFF234801F012FFFF
:100700002148FFF78DFF01F01BFF2846FFF790FF00
:10071000FFF74AFF4FF08070FFF774FFA36B0343AE
:10072000A363A36B23F08073A363184B5A6822F072
:10073000E0625A605A6822F000425A605A6822F019
:10074000405242F000525A605A686FF30F0242F46E
:100750003B4242F07F025A605A6822F47F0242F420
:1007600008125A601A6822F47C5242F400521A604D
:10077000FFF7CAFE064B83F8235038BD0010024035
:1007800000200240813A0008006CDC02006000405A
:1007900000ED00E026498B6D43F0805310B54FF417
:1007A00080608B65FFF716FFFFF7B6FEFFF7BEFE12
:1007B0000128FBD1FFF7C2FEFFF7C8FE0128FBD1DD
:1007C0008020FFF7CBFEFFF7D1FE0020FFF74AFFA6
:1007D000FFF7D6FE8C6814F00C04FBD14FF44050A8
:1007E000FFF738FFFFF72EFFFFF7D4FE114801F0A7
:1007F00099FE1048FFF714FF01F0A2FE4FF0406091
:10080000FFF716FFFFF7D0FEFFF77EFE0A4B2046EC
:1008100083F82340FFF7D4FE084B1B685B0706D024
:10082000BDE81040064840F2AD1100F033BB10BDEA
:10083000001002400024F40000ED00E0002002401F
:10084000813A000808B9FFF7A5BF70470C4A0D4967
:100850000D4808B5536843F48063536002F5D03205
:10086000936D43F080639365002201F094FF074984
:10087000054801F0A5FFBDE80840034801F0A7BF07
:100880000070004010000020E000002094000020D4
:10089000F0B54FF0804495B000250120FFF7B2FE7F
:1008A0004FF47A77256101A92046CDE90375ADF8AB
:1008B0000450029501F0D0F8236843F080032360D0
:1008C000A36823F4A03323F007030126A3600CAA36
:1008D000602310212046CDE90C36CDE90E67109536
:1008E00001F0EEF8A36923F48063A3610CAA4FF42E
:1008F00080712046CDE90D6601F0E2F8E36923F04E
:100900000403E3610CAA4FF480512046CDE90D6643
:1009100001F0D6F8E36923F48063E361A36823F070
:100920000803A360A36823F48043A360A36823F4AF
:100930003F43A360636823F070036360A36823F000
:100940008003A3600E22022306A94FF09040CDE958
:100950000623CDE90855CDE90A5600F0DBFF2368F0
:100960003343236015B0F0BD70B501204FF09044C3
:10097000FFF73AFE0220FFF737FE2168012292FAC4
:10098000A2F3B3FA83F39340032000FA03F321EABE
:10099000030392FAA2F12360E56892FAA2F1B1FA98
:1009A00081F192FAA2F39140B3FA83F300FA01F1D4
:1009B000934025EA010102FA03F30B43E3601A4B6B
:1009C00008211D6891FAA1F4B4FA84F491FAA1F611
:1009D0009440B6FA86F600FA04F425EA040406FA0E
:1009E00002F5AA4022431A605A6822F008025A60AF
:1009F0009C6891FAA1F2B2FA82F2520000FA02F275
:100A000024EA020291FAA1F49A60DC6891FAA1F258
:100A1000B2FA82F25200904024EA000491FAA1F066
:100A2000DC60996270BD00BF0004004830B501462B
:100A300087B01020174CFFF7E5FD4BF6803245F6E6
:100A4000C053002908BF1346ADF8043000255A23CF
:100A500001A92046CDE9025300F0FEFF236823F0F0
:100A600080032360636823F070036360A36823F04E
:100A70008003A360E36843F00103E360236843F06D
:100A800001032360256162B6034B4FF480025A6074
:100A900007B030BD0010004000E100E008B54FF4A1
:100AA0008020FFF7A1FD034A136843F0040313609D
:100AB00008BD00BF00080650044B5A69002ABFBF9A
:100AC000034A9A6002F188329A607047002002401F
:100AD0002301674508B5002829D100F097F9154989
:100AE000154B002808BF19461448036A21F0E0613D
:100AF0008B421BD072B60369DA03FCD4FFF7DCFF2C
:100B000043695B0041BF0E4BC36003F14433C360D4
:100B10000A4B19625A6942F400325A611A69D203C7
:100B2000FCD45A6942F000425A6162B608BD0549D8
:100B3000DAE700BFB9F8FFFFAAF8FFFF0020024084
:100B40003B2A1908AAF8FFF708B572B610490B69D5
:100B5000DB03FCD4FFF7B0FF0B690B614B696FF34C
:100B60000A034B614B6943EAC00040F00200486150
:100B70004B6943F480334B61054B1A69D203FCD4B3
:100B80001A695A6922F007025A6162B608BD00BFAD
:100B90000020024010B572B60B490C69E403FCD486
:100BA0000C690C614C6944F001044C6102604360C3
:100BB0000B69DB03FCD40B6901230B614B6923F048
:100BC00001034B6162B610BD002002402DE9F743DE
:100BD0001546164A1369DB03FCD4FFF76DFF20F0BE
:100BE00007002C4646194F19E8462B1B9D42A6EBE1
:100BF000040902D803B0BDE8F083082C2246A7EB15
:100C0000040128BF0822404602F0DEFE072C06D869
:100C1000C4F10802FF2108EB040002F0EEFEDDE95A
:100C200000234846FFF7B6FF083CDEE700200240FD
:100C300030F07F43034B4FF0080214BF9A619A6271
:100C4000704700BF0004004808B5002000F0BCF960
:100C500030B9012000F0B8F9003818BF012008BDF4
:100C60000120FCE7014800F07BBB00BFA41C002072
:100C7000034B044A5B6A12685A2000FB023070473B
:100C8000001000409003002038B51F4B1F4C00227D
:100C90001A611F4A136801331360FFF7E9FF2368E5
:100CA000C01A5A280AD91B4B186838B140B202F052
:100CB0008FFC72B6FFF7DCFF206062B6164B1A6835
:100CC000164B9A421CD1002000F07EF9C8B90120D1
:100CD00000F07AF9011E18BF0121114DFFF7C8FF7E
:100CE0002B68C01A19280BD90E4C237823B919B1D7
:100CF000FFF7BEFF0C4B1860FFF7BAFF21702860AA
:100D000038BD0121E9E700BF00100040800300204A
:100D1000900300208403002008000020490C0008F4
:100D2000880300207C0300208C03002008B50B4BB7
:100D30005A695A610A4B1A680A4B9A420DD10A49FC
:100D4000FFF796FF0B68C01A192803D9FFF790FF29
:100D5000064B1860FFF78CFF086008BD00040140D7
:100D600008000020AB0D0008880300208C03002041
:100D700038B5044672B6FFF77BFF064B186062B6C3
:100D8000054D2CB12B68A34202D060B202F020FCCA
:100D90002C6038BD80030020840300204FF0904376
:100DA0001869C04300F001007047FFF7F7BF10B5A6
:100DB0000146FFF75DFF0446FFF75AFF031B8B4216
:100DC000FAD310BDBFF34F8F0549064BCA6802F432
:100DD000E0621343CB60BFF34F8F00BFFDE700BF5E
:100DE00000ED00E00400FA0508B500F003F928B1B1
:100DF00000F098F8024B034A136008BD024BFAE773
:100E0000490C000808000020AB0D0008044BD3E992
:100E10000802044B9A420CBFC0F340000020704708
:100E200000880308791E55AA024B1B780BB9FFF7FF
:100E30000DBD70477D03002010B5044600F06CF82E
:100E400018B1204600F048F8402010BD024607497E
:100E50000748838803F03003302B04D00548402333
:100E6000812101F08ABC0139F3D17047410D0300A3
:100E700000680040E00000207047000080B500AF2F
:100E800072B6034B1A6882F308885B689847FEE7DE
:100E90000000FF1FFEE70000F8B50C4E3568632D1B
:100EA000014610DC0A4F0B483C68402200EB8410DE
:100EB000013402F089FD642CA8BF002401353C6098
:100EC00035600020F8BD4FF0FF30FBE7941C002098
:100ED0009C1C00209403002010B50C4C0C4B216886
:100EE000402203EB811102F06FFD0A490A68002AD3
:100EF00009DD23680133642BA8BF0023013A236076
:100F00000A60002010BD4FF0FF30FBE7981C002066
:100F100094030020941C0020014B1868704700BF08
:100F2000941C002070B5174A1748936C43F4803323
:100F300086B0022493643023CDE900340023CDE948
:100F400002330493694609230593402500F0E2FC2F
:100F5000012669460C480095039600F0DBFC0B4B1C
:100F60000B4A1E6019680A431A606FF070021A611A
:100F70001D621C635A6822F003025A6003229A60C1
:100F800006B070BD0010024000040048004002405E
:100F9000C0400279074B1A6822F002021A6003224D
:100FA0009A601A6822F010021A601A6842F002026F
:100FB0001A60704700400240024BDA68D207FCD545
:100FC000DB6870470040024008B5094958B1012864
:100FD0000CD0FFF7DFFFFFF7EFFF886B2C288CBFEB
:100FE0000020012008BD10238B62F2E72023FBE7DD
:100FF0000040024030B5204D2B78002B3AD11F4ADB
:101000000223106893FAA3F1B1FA81F10324490095
:1010100004FA01F120EA010193FAA3F01160D0680B
:1010200093FAA3F1B1FA81F193FAA3F3490004FA18
:1010300001F1B3FA83F320EA01005B00012101FA18
:1010400003F30343D36000BF00BF00BF00BF1069BC
:10105000C0F340004840C0B22870D56891FAA1F3AF
:10106000B3FA83F38B409C4025EA040491FAA1F182
:10107000D46030BD0120FCE7A01C00200004004823
:10108000DFF834D000F026F8002103E00B4B5B586A
:10109000435004310A480B4B42189A42F6D30A4A8D
:1010A00002E0002342F8043B084B9A42F9D302F0D5
:1010B000ADFCFFF77FF8FEE700C00020EC3A000827
:1010C00000000020D0000020D0000020C4400020FC
:1010D000FEE700000E4AD2F8883043F47003C2F8ED
:1010E00088300C4B1A68002042F001021A609860A8
:1010F0001A6822F0A85222F410221A604FF480528B
:10110000DA601A6822F480221A609861FFF79ABBAD
:1011100000ED00E0001002402DE9F041044686B0E9
:10112000002869D090F8293403F0FF021BB980F839
:10113000282401F00BFA0323254684F8293455F8B6
:10114000100B00F01FFE0FCD6E460FC62B683360EC
:1011500004F1040898E80E00206800F001FE002168
:10116000206800F019FE00212246234604F11005F4
:101170000126084683F82810D98601310F29C3E9D2
:101180000E0083F8296083F82B00186403F1200314
:10119000F0D100231F4682F8283201330F2BC2E919
:1011A0008E7782F8297282F82B72C2F8407202F1AF
:1011B0002002F0D10FCD6E460FC62B68336098E841
:1011C0000E00206800F0EAFD012384F8247084F802
:1011D0002934E369012B02D1204600F084FB236A05
:1011E000012B02D1204600F06AFB206801F090F844
:1011F000002006B0BDE8F0810120FAE710B590F8B4
:101200002834012B04460CD0012380F828340068D0
:1012100001F073F8206800F0AAFD002084F828048B
:1012200010BD0220FCE710B590F82824012A0446DE
:101230000BD0012280F8282480F82410006801F0E7
:1012400056F8002084F8280410BD0220FCE770B591
:10125000054601F00F0011F0800F4FEA401414BF53
:1012600004F1280104F50A7105EB401615BF491970
:1012700049190124002414BF86F8294086F8294220
:101280000A614A780870CB7002B1C881022B04BF92
:1012900000230B7195F82834012B09D0012328680D
:1012A00085F8283400F098FD002085F8280470BDEA
:1012B0000220FCE701F00F0211F0800F4FEA421309
:1012C00010B514BF03F1280103F50A71044618BFD5
:1012D000091900EB42100BBF09190123002380F804
:1012E000293008BF80F829320A7094F82834012B7D
:1012F00009D00123206884F8283400F0C1FE0020C2
:1013000084F8280410BD0220FCE738B501F00F0175
:1013100000EB4114002584F8281284F82952C4E90E
:101320008F23C4F8445204F50A71006801F00EF8E6
:10133000284638BD38B501F00F0100EB4114C4E96F
:101340000F23012384F82810002584F82930214632
:1013500065642831006800F0F9FF284638BD0000B8
:101360002DE9F0470446006800F0DAFF020408D5D2
:10137000C24E40F68F782068B0F844301A0400F16D
:10138000D080206800F0CCFF43050FD52268B2F86A
:10139000443023F480631B041B0C2046A2F8443025
:1013A00001F029F900212046FFF73DFF206800F0F9
:1013B000B7FF4304226807D5B2F8443023F48043D2
:1013C0001B041B0CA2F84430104600F0A9FF870450
:1013D000226807D5B2F8443023F400531B041B0CD9
:1013E000A2F84430104600F09BFFC60426D52268C0
:1013F000B2F8403023F004031B041B0CA2F8403069
:10140000B2F8403023F008031B041B0CA2F8403054
:1014100094F86034012B05D1002184F86014204633
:1014200000F077FA204601F0F4F82268B2F8443070
:1014300023F480531B041B0CA2F84430206800F0F6
:101440006FFF05051DD52068B0F840309BB243F012
:101450000803A0F84030B0F8443023F400631B04C4
:101460001B0CA0F84430B0F840309BB243F00403AA
:10147000A0F8403000F054FFC00402D4204601F030
:10148000C7F8206800F04CFF010629D52368B3F89F
:10149000442022F080021204120CA3F8442094F895
:1014A0006024002A40F08A81B3F8402092B242F0D2
:1014B0000402A3F84020B3F8402092B242F00802A0
:1014C0000121A3F8402084F86014B3F85430C3F32A
:1014D0008D0303F03C03C4F86434204600F019FA8D
:1014E000206800F01DFF82050BD52268B2F8443059
:1014F00023F400731B041B0CA2F84430204601F0B7
:1015000076F8206800F00CFFC30508D52268B2F811
:10151000443023F480731B041B0CA2F84430BDE854
:10152000F087B0F84450A9B215F00F0540F0AA803A
:1015300011F01001038828D19BB23340038094F846
:101540002820B0F8503000EBC20212FA83F3E26BAD
:10155000B3F80234C3F309031A446364E263204618
:1015600001F03EF894F82430002B3FF404AF226CD5
:10157000002A7FF400AF94F82430216843F0800300
:10158000A1F84C3084F82420F5E61F059AB21ED548
:1015900094F82822B0F8503000EBC20212FA83F31C
:1015A00004F58661B3F80634B4F82E22C3F30903B8
:1015B000C4F8443200F09CFF2268138823F07003C3
:1015C0001B051B0D1380204600F0F2FFD3E6150427
:1015D0007FF5D1AE038823F070031B051B0D03803C
:1015E00094F82822B0F8503000EBC20212FA83F3CC
:1015F000B3F80634C3F30903C4F8443263B1B4F852
:101600002E22D4F83C1200F073FFD4F83C32D4F808
:1016100044221344C4F83C320021204600F0CEFF9F
:101620002268D4F83852B2F8501002F2064089B25B
:10163000B5B9435A23F440639B049B0C43F4004325
:101640004352138823F4804323F070031B041B0CC4
:1016500083F4405343F4004343F0800313808AE64D
:101660003D2D95BF05F00103054B03EB55036D09B7
:1016700094BF9B0243EA85239BB2E1E70F8FFFFFF4
:101680000080FFFF30F8253019041FFA83FA39D59E
:1016900030F8253008EA030304EB451220F8253022
:1016A00092F8283292F834C2D2F83C124FEA451927
:1016B000DF00BCF1000F48D1B0F8503017FA83F3C7
:1016C0000344B3F80674C7F3090727B1B2F82E2212
:1016D0003B4600F00DFFA144D9F84432D9F83C2232
:1016E00099F828123B44C9F84432D9F840323A44B8
:1016F000C9F83C221BB1D9F83802874257D220469C
:1017000000F05CFF1AF0800F3FF435AE236833F829
:10171000252092B2324023F8252004EB4515B3F87A
:10172000502095F8281003EBC10313FA82F3EA6BFB
:10173000B3F80234C3F309031A446B642B6CEA63F5
:101740002046C3BB00F04CFF15E630F8233013F4FD
:10175000804FB0F8503017FA83F303441DD0B3F82C
:101760000274C7F3090727B1B2F830223B4600F0F4
:10177000BFFE04EB0903226893F8281232F82130E7
:1017800023F4E04323F070031B041B0C43F40043D9
:1017900043F0C00322F821309DE7B3F80674C7F385
:1017A0000907002FE5D0B2F832223B46DFE720469A
:1017B000FFF7ABFDA6E7FFF7BDFDDCE5204600F037
:1017C00027FF8DE638B5436801F00F059D420446BA
:1017D00028D80B061DD56B0103F128010344012213
:1017E000014483F8292001238B700D7094F828247C
:1017F0009A4219D0206884F8283400F014FD25B9E5
:10180000206804F5866100F08FFD002084F828042C
:1018100038BD4B0103F50A7103440022014483F8EB
:101820002922E0E70120F3E70220F1E738B5436819
:1018300001F00F029A42044626D811F0800F4FEAB9
:10184000421315BF03F1280103F50A71091909199B
:1018500000EB421014BF012300234FF0000514BF1A
:1018600080F8293080F829328D700A7094F8283475
:10187000012B0BD00123206884F8283400F0F3FCFE
:1018800084F82854284638BD0120FCE70220FAE7F6
:1018900011F0800F1BBF01F00F0100EB411000EBB6
:1018A0004110283008BF00F50A7099B21AB90273C6
:1018B000C18000207047012202738360F9E702684B
:1018C0000123C0F86C34B2F858309BB243F00103E6
:1018D000A2F85830B2F858309BB243F00203A2F895
:1018E000583000207047034601210268C0F8681490
:1018F000002083F86004B2F854309BB20B43A2F886
:101900005430B2F854309BB243F00203A2F8543082
:10191000704770472DE9F0410C6894FAA4F501274F
:10192000B5FA85F5032634FA05F30DD14B68013B72
:10193000012B06D84268CB6822EA040263431343B2
:1019400043600120BDE8F08107FA05F3234067D02A
:10195000D1F804C0D0F8008093FAA3FEBEFA8EFE40
:1019600093FAA3F2B2FA82F24FEA4E0E06FA0EFE94
:10197000520028EA0E080CFA02F248EA020202605B
:101980000CF1FF32012A16D8D0F808E093FAA3F23E
:10199000B2FA82F293FAA3F8520006FA02F22EEAA1
:1019A000020EB8FA88F88A684FEA480802FA08F284
:1019B0004EEA02028260D0F80CE093FAA3F2B2FA87
:1019C00082F293FAA3F8520006FA02F22EEA020E0D
:1019D000B8FA88F80A694FEA480802FA08F24EEAAB
:1019E0000202BCF1020FC2601AD1FF2BD1F814C061
:1019F00018D8D0F820E093FAA3F8B8FA88F893FA48
:101A0000A3F24FEA8803B2FA82F24FF00F0808FA05
:101A100003F392002EEA03030CFA02F2134303626B
:101A2000013580E7426A1B0A93FAA3FEBEFA8EFED6
:101A300093FAA3F34FF00F08B3FA83F34FEA8E0E35
:101A400008FA0EFE9B0022EA0E020CFA03FC42EAA0
:101A50000C024262E4E70000174A036890420BD090
:101A6000B0F1804F08D002F5A052904209D1CA6867
:101A700023F44073134307E04A6823F070031343D1
:101A8000F5E70E4A9042F2D003608B68C3620B8880
:101A90008362094B984207D003F5A053984203D0C4
:101AA00003F58063984201D10B7C0363436943F0E3
:101AB0000103436101207047002C014000440140B4
:101AC000B1F5805F30B500F0F08009D8102975D0ED
:101AD000B1F5807F00F0AE80012935D0002030BD07
:101AE000B1F5803F00F00E81B1F5801FF6D1036A99
:101AF000146823F480130362036A416D21F080713E
:101B000021F4E04141EA0424116923F4001343EA7B
:101B10000153516823F4801343EA01538F498842EB
:101B200007D001F5A051884203D001F580618842B9
:101B300006D14168956921F4802141EA85214160FF
:101B4000D2684465C26536E0036A156823F0010374
:101B50000362036A4168846924F4803424F07304C6
:101B60002C43156923F002032B43556823F001032E
:101B70002B437A4DA84207D005F5A055A84203D0C3
:101B800005F58065A84212D1556923F0080343EAA0
:101B90008503956823F0040343EA8503956921F4DE
:101BA00080712943D56921F4007141EA4501D26869
:101BB0004160846142630362012090E7036A156813
:101BC00023F010030362036A4168846924F080747F
:101BD00024F4E64444EA0524156923F0200343EA8B
:101BE0000513556823F0100343EA05135B4DA84223
:101BF00007D005F5A055A84203D005F58065A84299
:101C000013D1556923F0800343EA8513956823F0C7
:101C1000400343EA8513956921F4806141EA850117
:101C2000D56921F4006141EAC501D268416084614F
:101C30008263C0E7036A156823F480730362036A52
:101C40004168C46924F4803424F073042C4315697A
:101C500023F4007343EA0523556823F4807343EAB1
:101C600005233E4DA84207D005F5A055A84203D054
:101C700005F58065A84213D1556923F4006343EA52
:101C80008523956823F4806343EA8523956921F4CD
:101C9000805141EA0511D56921F4005141EA45110D
:101CA000D2684160C461C26385E7036A156823F4A2
:101CB00080530362036A4468C16921F0807121F492
:101CC000E64141EA0521156923F4005343EA05334F
:101CD000556823F4805343EA0533204DA84207D0CA
:101CE00005F5A055A84203D005F58065A84204D1AA
:101CF000956924F4804444EA8514D2684460C16143
:101D0000026458E7036A146823F480330362036AA9
:101D1000416D21F4803121F070010C43116923F4ED
:101D2000003343EA0143516823F4803343EA01431B
:101D30000A49884207D001F5A051884203D001F535
:101D40008061884206D14168956921F4803141EA79
:101D500005214160D268446582652CE7002C014072
:101D600084B001A880E80E0004B000207047B0F8ED
:101D700040309BB243F43F4343F08003A0F840302F
:101D800000207047B0F8403023F47E535B045B0CB6
:101D9000A0F84030002070470020704784B010B594
:101DA000044603A880E80E0000200123A4F8403078
:101DB000A4F84000A4F84400A4F85000B4F840305F
:101DC0009BB243F43F4343F08003A4F84030BDE8A6
:101DD000104004B070470000F0B50A78CD7830F8B4
:101DE000224024F4EC4424F0700424040346240C20
:101DF000032D03D8DFE805F0434B4947012023F8C2
:101E0000224033F822409B4EA4B23440144344F4A1
:101E1000004444F0800423F822400C7B03EBC2070B
:101E2000002C78D1CC8891F801C064086400BCF122
:101E3000000F2FD0B3F8501017FA81F1A1F8004429
:101E400033F822104C0609D533F8221089B23140FC
:101E500041F4004141F0C00123F8221033F8221070
:101E6000854C89B2012D01EA040101D081F02001E5
:101E700041F4004141F0800123F82210B3E044F422
:101E800000742846BBE744F4C0640020B7E744F47C
:101E90008064FAE7B3F8505017FA85F5A5F80444C2
:101EA000B3F850500C6917FA85F534BBB5F8061431
:101EB00021F440618904890C41F40041A5F806141D
:101EC00033F8221049040DD533F8221021F4E041F3
:101ED00021F070010904090C41F4404141F08001F6
:101EE00023F8221033F8221021F4804121F07001F0
:101EF0000904090C81F44051BAE73D2C95BF04F068
:101F000001015E4901EB5401640994BF890241EA71
:101F1000842189B2D2E733F82240A4B2344044F499
:101F2000014444F0800423F82240B3F85040B1F853
:101F300008C017FA84F42CF0010CA4F800C4B3F81C
:101F4000504017FA84F44F8927F00107A4F804746D
:101F50004978002948D133F822104F0409D533F8C5
:101F6000221089B2314041F4404141F0800123F810
:101F7000221033F822104D060DD533F8221021F42B
:101F8000E04121F070010904090C41F4004141F0E5
:101F9000C00123F8221033F8221021F4E04121F08F
:101FA00070010904090C41F4004141F0C00123F81B
:101FB000221033F8221021F4804121F0700109042D
:101FC000090C48F2800481F44051214323F8221087
:101FD00033F8221021F4E04121F040010904090CFA
:101FE0000C4323F82240F0BD33F822104C0409D5ED
:101FF00033F8221089B2314041F4404141F0800170
:1020000023F8221033F8221049060DD533F8221098
:1020100021F4E04121F070010904090C41F4004170
:1020200041F0C00123F8221033F82210124C21F4A1
:10203000E04121F070010904090C41F4404141F0F4
:10204000800123F8221033F8221089B22140012D9B
:1020500018BF81F0200141F4004141F0800123F8D4
:10206000221033F8221021F4804121F0700109047C
:10207000090CFDE68F8FFFFFBF8FFFFF0080FFFF82
:102080004A780B78097BD9BB0AB330F82320510674
:102090000DD530F8232022F4E04222F07002120421
:1020A000120C42F4004242F0C00220F8232030F823
:1020B000232022F4E04222F040021204120C42F4E7
:1020C000004242F0800220F823200020704730F8C0
:1020D000232052040DD530F8232022F4E04222F0D0
:1020E00070021204120C42F4404242F0800220F8C6
:1020F000232030F8232022F4804222F07002DCE713
:10210000002A4AD130F8232051040DD530F823207D
:1021100022F4E04222F070021204120C42F4404217
:1021200042F0800220F8232030F8232052060DD5FB
:1021300030F8232022F4E04222F070021204120C44
:1021400042F4004242F0C00220F8232030F823205D
:1021500022F4E04222F070021204120C42F4004217
:1021600042F0C00220F8232030F8232022F48042DD
:1021700022F070021204120C48F280010A4320F887
:10218000232030F8232022F4E04222F040021204FF
:10219000120C114320F8231097E730F82320510444
:1021A0000DD530F8232022F4E04222F07002120410
:1021B000120C42F4404242F0800220F8232030F812
:1021C000232052060DD530F8232022F4E04222F0DD
:1021D00070021204120C42F4004242F0C00220F8D5
:1021E000232030F8232022F4E04222F0700212046F
:1021F000120C42F4404242F0800220F8232030F8D2
:10220000232022F4E04222F040021204120C48F291
:1022100080010A4320F8232030F8232022F4804252
:1022200022F07002B3E74B780A788BB130F8223095
:1022300023F4E04323F040031B041B0C83F0100342
:1022400043F4004343F0800320F82230002070471D
:1022500030F8223023F4804323F070031B041B0C5E
:1022600083F48053ECE74B780A781BB330F82230C4
:1022700059060DD530F8223023F4E04323F07003E3
:102280001B041B0C43F4004343F0C00320F822302E
:1022900030F8223023F4E04323F040031B041B0CEE
:1022A00083F0300343F4004343F0800320F82230EE
:1022B0000020704730F822305B040DD530F8223012
:1022C00023F4E04323F070031B041B0C43F440434E
:1022D00043F0800320F8223030F8223023F480438A
:1022E00023F070031B041B0C83F44053DAE711B98D
:1022F0008023A0F84C3000207047B0F858306FEAC7
:1023000043436FEA53439BB2A0F858300020704714
:10231000B0F85830C3F30E03A0F8583000207047CF
:10232000B0F8440080B270470020704702F5806228
:10233000013310445B0801EB4303401A994200D17A
:1023400070470A880A520231F8E70000F8B50446DF
:1023500048788B690A690F7B01280D4661D1934249
:102360008ABF991A00211346A9619EB2696907BB09
:10237000EA8833462046FFF7D9FF2A78B4F8503070
:10238000D20012FA83F32344A3F802642A7834F8C3
:10239000223023F4E04323F040031B041B0C83F0A2
:1023A000300343F4004343F0800324F8223000203C
:1023B000F8BD2A7834F8223013F0400FB4F85030CA
:1023C0004FEAC20212FA83F32344204615BFA3F852
:1023D0000664A3F802646A892A893346FFF7A6FFD8
:1023E0006B782A7873B934F8223023F4E04323F071
:1023F00070031B041B0C43F4004343F0C00324F898
:102400002230C3E7012BC1D134F8223023F4E0435A
:1024100023F070031B041B0C43F4404343F0800380
:10242000EDE793428CBF991A0021A96188BF13463A
:1024300029785FBBB4F8502004F2064010FA82F20B
:1024400053B932F8313023F440639B049B0C6FEA9C
:1024500043436FEA53430BE03D2B05D803F00100E3
:1024600000EB53039B0203E05809204B43EA80230F
:1024700022F831302A7834F8223023F4804323F0D4
:1024800070031B041B0C83F440538AE70028F1D12E
:10249000B4F8500004F2024212FA80F0C3B930F8E6
:1024A000312022F440629204920C42F4004220F85F
:1024B0003120B4F8502004F2064010FA82F2002BCA
:1024C000BFD03D2BCAD909485B0940EA8323CFE737
:1024D0003D2B95BF03F00102044A02EB53025E0953
:1024E00094BF920242EA862292B2E0E70080FFFFA8
:1024F00002F58062F0B510445D080A462E46471A80
:10250000BC18023236B9DB0744BF30F8153001F889
:102510001530F0BD248802F8024C240A02F8014C60
:10252000013EEDE74FF47A73B0FBF3F04FF0E02398
:102530000022013858619A6105221A617047000033
:10254000014B1860704700BF0C000020154A936DC6
:1025500043F0806393658369012B01BFA2F5863246
:10256000136843F4802313600F4BDB68C3F302232B
:10257000C3F107011A1D042928BF0421062A88BFB8
:10258000DA1E4FF0FF3303FA01F398BF0022DB435A
:1025900093401B01054ADBB282F843330823936062
:1025A000704700BF0010024000ED00E000E100E0D5
:1025B00000F58661D0F8700400F022B900EB4113F9
:1025C00010B5D3F83C22D0F870040C4600F045F961
:1025D000012C04D12046BDE8104000F099BD10BD8B
:1025E00000EB4113D0F87004DA6B00F06CB9D0F84E
:1025F000700400F0EEB910B504460121D0F8700463
:1026000000F0E4F9D4F87004BDE8104000F0B7B968
:1026100070477047364A536843F4806310B553607F
:102620000446344A34480823C0E90023C0F8704403
:1026300000230222C4F89802C0E90223C0E904235F
:10264000C0E906330362FEF767FD18B12B48FE218F
:10265000FEF720FC00221146D4F898021823FFF759
:1026600017F9D4F89802582300228021FFF710F9B7
:10267000D4F89802982300220121FFF709F9D4F831
:102680009802D82300228121FFF702F9D4F898029A
:102690004FF48C7300220421FFF7FAF8D4F8980263
:1026A0004FF4AC7300228621FFF7F2F8D4F89802B9
:1026B0004FF4CC7300228521FFF7EAF8D4F8980292
:1026C0004FF4EC7300228321FFF7E2F8D4F898026C
:1026D0004FF4067300220221FFF7DAF8D4F89802CB
:1026E0004FF4167300228221FFF7D2F8002010BDAC
:1026F0000070004000680040A41C00208C3A0008D4
:1027000008B5D0F89802FEF779FD002008BD10B595
:102710001446D0F898021A462346FEF798FD00208A
:1027200010BD08B5D0F89802FEF7C4FD002008BD22
:1027300008B5D0F89802FFF745F8002008BD08B5A5
:10274000D0F89802FFF772F8002008BD0A06D0F80A
:10275000983245BF01F07F0103EB411303EB4113B6
:1027600093F82A0058BF93F82A02704708B5D0F8AA
:102770009802FEF758FD002008BD08B5D0F8980271
:10278000FEF7D8FD002008BD08B5D0F89802FEF786
:10279000BCFD002008BD08B580B1D0F88C3213B163
:1027A0000023C0F88C3209B1C0F88812012380F8E8
:1027B00074320270FFF72EFF002008BD0220FCE7F4
:1027C00019B1C0F88C12002070470220704708B57C
:1027D000FFF796FF002008BD08B5D0F88C3233B162
:1027E0001B689847003818BF0120400008BD022030
:1027F000FCE708B5D0F88C325B689847002008BD2C
:1028000038B5044600F52075284600F01DFB01236D
:1028100094F88012C4F86C32B4F88632C4F870327E
:1028200001F01F03012B08D0022B0BD07BB92946E6
:10283000204600F019F9002038BD2946204600F056
:1028400055FAF8E72946204600F074FAF3E701F05C
:1028500080012046FFF76CFFEDE770B50446164691
:1028600029BBD0F86C32032B1CD1D0E953539D42C5
:102870000BD9ED1AAB4228BF2B46C0F84C519AB287
:10288000314600F0C7F8002070BDD0F88C321B69CB
:1028900023B190F87422032A00D19847204600F013
:1028A000C1F8F0E7052BEED1FFF742FFEBE7D0F8D8
:1028B0008C329B692BB190F87422032A01D198477E
:1028C000E1E70220E0E7F8B5044613460F46002989
:1028D00049D1D0F86C22022A3AD1D0E90856B54243
:1028E00011D9AD1B19460562AAB200F08BF83B4620
:1028F0001A4619462046FFF747FF94F87832012B15
:102900002DD00020F8BDC369B3FBF6F506FB1535E5
:1029100065B99E420AD8D0F87022934206D22A4660
:1029200000F070F8C4F870522B46E1E7D4F88C320E
:10293000DB682BB194F87422032A01D12046984712
:1029400080212046FFF7F4FE204600F076F8D4E719
:1029500032F00403D1D18021FFF7EAFECDE7002356
:1029600084F87832CDE7D0F88C325B692BB190F8DF
:102970007422032A01D19847C3E70220C2E770B549
:10298000002204461146012540264023FFF7BFFEE2
:1029900033468021C4F84451C4F8506100222046D7
:1029A000FFF7B5FED4F89032A5610021666284F885
:1029B0007452C4F86C126160C4F87C1223B1D4F86C
:1029C0008C3220465B689847002070BD017400205F
:1029D000704708B590F87422032A04D1D0F88C32DD
:1029E000DB6903B19847002008BD10B513460222E9
:1029F000C0E90733C0F86C220A460021FFF7BDFE8C
:102A0000002010BD08B513460A460021FFF7B5FEA9
:102A1000002008BD08B513460A460021FFF7B4FEA2
:102A2000002008BD08B50423C0F86C3200231A4604
:102A30001946FFF7A2FE002008BD08B50523C0F81F
:102A40006C3200231A461946FFF79EFE002008BD8F
:102A500010B580210446FFF76BFE20460021BDE83B
:102A60001040FFF765BE000037B50B7803F0600338
:102A7000202B04460D4606D0402B04D063B12046DF
:102A8000FFF7E6FF05E0D4F88C3229469B68204624
:102A90009847002003B030BD4B78092BEFD801A236
:102AA00052F823F0992C0008CF2C00087F2A000848
:102AB000C12C00087F2A0008BF2B0008CD2A00087F
:102AC0007F2A0008692C0008012C00084B881A0A8C
:102AD000013A062AD3D801A151F822F0F92A0008B8
:102AE0001D2B0008372B00087F2A00087F2A0008CA
:102AF000772B00088B2B0008D0F888321B68207CCD
:102B00000DF106019847BDF80620002A52D0EB8847
:102B1000002B46D12046FFF785FFBAE7027CD0F8AC
:102B20008C3232B99B6A0DF106009847022343703C
:102B3000E9E7DB6AF7E7DBB2052BA0D8DFE803F0B3
:102B400003070B0F1317D0F888325B68D7E7D0F86C
:102B500088329B68D3E7D0F88832DB68CFE7D0F8BB
:102B600088321B69CBE7D0F888325B69C7E7D0F8B9
:102B700088329B69C3E7037C002B80D1D0F88C326C
:102B80000DF106005B6B9847BDE7037C002B7FF4DB
:102B900076AFD0F88C320DF106001B6B98470723F7
:102BA000C5E79A4228BF1A4601462046ADF80620DE
:102BB000FFF71BFFEB88002B7FF46BAFAAE78B8836
:102BC000002B7FF45CAFCB88002B7FF458AF4D888F
:102BD0007F2D3FF654AF90F87432032B3FF44FAF84
:102BE000EDB280F876522946FFF7C0FD2046FFF788
:102BF00019FF1DB1022384F874324AE70123FAE772
:102C00008978394D012929703FF639AF90F874322F
:102C1000022B08D0032B15D0FFF71AFF2978204686
:102C2000FFF7E7FD35E700293FF474AF01210323E7
:102C3000416080F874322046FFF7CEFD02287FF411
:102C400069AF1CE731B9022380F874324160FFF7A5
:102C5000D0FD5FE7416801293FF45CAFC9B2FFF7DF
:102C6000C8FD29786160E6E7CA88012A7FF407AFCA
:102C700090F87432022B0AD8002B3FF400AF0146C3
:102C8000002341F8083F2046FFF7AFFE01E7032B82
:102C90007FF4F5AE011DF6E790F87432013B022B8C
:102CA0003FF6EDAECA88022A7FF4E9AED0F87C3256
:102CB000003B18BF012301465B0041F80C3FE2E7EF
:102CC0004B88012B7FF4E5AEC4F87C3222E790F804
:102CD0007432013B022B3FF6D2AE4B88012B7FF4BE
:102CE000D8AE0023F0E700BF1821002038B50B78DC
:102CF00003F060025B0604460D4601D5402A15D15B
:102D000094F87432013B022B10D82B79012B0DD88B
:102D1000D4F88C3229469B6820469847EB881BB92B
:102D200010B92046FFF77EFE002038BD2046FFF791
:102D30008FFEF9E738B50A7802F06002202A0446CF
:102D40000B4606D0402A04D05AB12046FFF780FE39
:102D500005E0D4F88C22194692682046904700205E
:102D600038BD5A788D880979012A35D0032A21D0B7
:102D7000002AEAD190F87432022B44D0032BE4D11C
:102D800001F00F03142215F0800F02FB030349D05A
:102D90009B69002BD9D001F07F03142503FB055557
:102DA0008029054449D02046FFF7D0FC002849D0AF
:102DB000012343E090F87422022A1BD0032AC4D1D5
:102DC0005A882AB94A0603D0DB880BB9FFF7B0FC52
:102DD0002046FFF727FEC2E790F87422022A09D0A6
:102DE000032AB2D15B88002BB9D14D06F0D0FFF792
:102DF000A6FCEDE74B06A8D0FFF79AFC8021204601
:102E0000FFF796FCABE74A069FD12B064CBF00F1BB
:102E1000140100F5A07100230B6002222046FFF789
:102E2000E4FD9CE7D3F84431002B8ED0142505FB3C
:102E3000010505F5A0750029B5D100232B600222FC
:102E40002946EBE72860FAE70B7803704B7843706C
:102E50004B8843808B888380CB88C380704710B5B4
:102E600080210446FFF764FC20460021BDE81040A5
:102E7000FFF75EBC70B50D461E46044680B1042ABD
:102E80000ED900F0E7FDC2B20132520003233280B6
:102E9000013C6B702A700223002014F8011F01B955
:102EA00070BD5A1CD2B2E9540233A854DBB2F4E725
:102EB000122301480B807047C23A000804230148DE
:102EC0000B807047BE3A000808B504480B46302214
:102ED0000349FFF7CFFF024808BD00BF683A00086A
:102EE0001921002008B504480B4630220349FFF79A
:102EF000C1FF024808BD00BF783A00081921002030
:102F000070B5284A8CB00B4607AC02F11006106869
:102F10005168254603C50832B2422C46F7D11278D3
:102F20002A700020204A8DF8180092F89B108DF826
:102F3000041092F89A1092F8924021448DF80510EE
:102F400092F899108DF8061092F8981092F8904027
:102F500021448DF8071092F897108DF8081092F818
:102F600096208DF8092001A903AC024611F8010B47
:102F70000CAD05EB101500F00F0030306844013245
:102F800015F8145C10F8140C2570062A607004F112
:102F90000204EBD103A805493022FFF76BFF034879
:102FA0000CB070BDA13A00080075FF1F1921002068
:102FB000292303800048704768000020D0F8903231
:102FC00000201873704700000A23038000487047F0
:102FD0005000002037B500220C78ADF80620CA88D2
:102FE000D0F8903202F07F0214F06004CA801DD045
:102FF000202C2ED14A78023A092A2AD8DFE802F09A
:10300000130A2929292929290F058A781A600020FD
:1030100003B030BD01221946FFF7E7FCF7E74A8805
:10302000120A5A60F3E70122191DF5E74C780B2CC0
:103030000FD8DFE804F0060E0E0E0E0E120E0E0E66
:10304000222A90F87432032B03D102220DF10601DB
:10305000E2E7FFF704FF0220DAE74B881B0A222B86
:1030600004D1222A0C4928BF2222D5E7212BF0D1F6
:10307000092A0A4928BF0922CEE790F87422032AB8
:10308000E7D1012203F10801C6E790F87422032A70
:10309000DFD18A789A60BAE72C0000205C0000201B
:1030A00010B581210446FFF73CFB01212046FFF7C4
:1030B00038FB0020E062C4F8580110BD10B5402371
:1030C000044603228121FFF722FB40230322012132
:1030D0002046FFF71CFB0121074BE162C4F85811A1
:1030E000C4F8903200241C73044A05484023FFF7BB
:1030F0004BFB204610BD00BF492100205921002074
:10310000E0000020D0F890320020187370470000D3
:1031100010B50848FDF7C0FE40220021054800F028
:103120006CFCBDE81040034A034840230121FFF72F
:103130002BBB00BF59210020E00000200B4B70B5D5
:103140001E6806F580550C466B882A8859189142EE
:1031500009DC22460146F01800F036FC6B881C445E
:103160006C80002070BD0120FCE700BF9C21002086
:103170002DE9F3410446DFF860801D4618460E46EF
:10318000174600F0F1FBC8F800502578EDB93A4633
:103190003146204600F0C8F884B22846FDF7E8FD25
:1031A000B4F5104F13D1230A01210DF107008DF85A
:1031B0000730FFF7C3FF01210DF107008DF807402D
:1031C000FFF7BCFF02B0BDE8F0814FF4DC44D8F853
:1031D000000000F0C9FBE6E79C21002030B4027932
:1031E00085790B464179120442EA01222A43C11D26
:1031F00030BCFFF7BDBF0000014B186800F0B4BB46
:103200009C210020014B1860704700BF9C210020CA
:1032100007B5084B1868998800909B79ADF80410A1
:10322000684606218DF80630FFF788FF024803B094
:1032300000BD00BFB23A00080090FFFF172908B593
:1032400008DD04220449104400F0AEFBB0FA80F01F
:10325000400908BD0020FCE7B93A00082DE9F04319
:103260001E4695B001238DF803303378103B0024BF
:10327000012B17468DF8024051D82046FDF73CF946
:1032800081462046FDF738F980462046FDF734F99F
:1032900005462046FDF730F94FEA0828040E44EAB7
:1032A000096408F47F082D0A44EA080405F47F4500
:1032B0002C4301210DF103000194FFF73FFF04218E
:1032C0000DEB0100FFF73AFF01210DF10200FFF7BE
:1032D00035FF31463846FDF735F840B28DF802002B
:1032E000C8B1FFF789FF01210DF10300FFF726FFA9
:1032F00004210DEB0100FFF721FF002147220DF112
:10330000090000F07AFB9DF802308DF80830482162
:1033100002A8FFF713FF034815B0BDE8F0834FF094
:103320002064C6E70090FFFF70B54378022B0C467F
:103330001FD1837891F8405004F14106072B2946AC
:10334000304609D1FFF77AFF002846F6851008BFFE
:103350004FF4D54000B270BDFFF770FF80B1334627
:103360002A4604F120012046FFF778FF4FF4104071
:10337000F0E7032B07D14AB9BDE87040FFF748BF1B
:103380004FF4D540E6E74FF4DA40E3E74FF4CE40A0
:10339000E0E70000064A002352F82310814204D0DF
:1033A0000633362BF8D1002070470120704700BF4C
:1033B000D03F0020044A00231380044A1360044ACB
:1033C0001360044A1360704704220020002200208A
:1033D000FC2100200C220020044B188828B1044B4B
:1033E0001B68984214BF012002207047042200206D
:1033F000002200200C4A38B511460023147C5CB929
:1034000018225343CD18C85001232B74FDF730FC0C
:10341000C5E90204204638BD0133092B02F1180228
:10342000ECD14FF0FF30F6E7D03F00200C4A38B522
:103430000023182505FB03F18C185158814208D14F
:10344000FDF716FC00230122C4E90203227418468A
:1034500038BD0133092BEDD14FF0FF30F8E700BF45
:10346000D03F00202DE9F84304460D4649B18E189F
:1034700004274FF005084FF00709B5421FD1BDE8FA
:10348000F883C06800280CD0F9DD1534C0F1400283
:103490000021204400F0B1FA2046BDE8F843FDF7D2
:1034A000D5BC2369002BEAD16368C4F815302378B2
:1034B0006376238907205BBA6383E060E5E7D4E99C
:1034C00003235AB96268C4F81520E760C3B92278AB
:1034D00062762289C4F80C9052BA6283E268511C69
:1034E000E160224415F8010B507501334029236136
:1034F000C3D104F11500FDF7A9FC0023E360BCE78C
:10350000227D6276511C2175C4F80C80E6E710B567
:1035100098B004468DF807105822002102A800F048
:103520006CFABF2301220DF1070102A88DF80830C3
:10353000ADF810200394FFF795FF0022114602A872
:10354000FFF790FF18B010BD084A30B500231824CB
:1035500004FB03F18D185158814202D100232B74D2
:1035600030BD0133092BF3D1FAE700BFD03F002073
:10357000FFF720BF2DE9F0410025134CDFF84C8008
:103580002E4640F2EE27237CB3B1FDF771FBD4E960
:103590000223801A63EB4303B84273F100030BD399
:1035A00020680521FFF7B3FF2268D8F800302674A1
:1035B0009A4201D1FFF7FEFE06353C2D04F11804B6
:1035C000E1D1BDE8F08100BFD03F00200C220020F7
:1035D00000B599B058228DF80700002102A800F02C
:1035E0000CFA0A4B1B6803930122BB230DF1070160
:1035F00002A88DF80830ADF81020FFF733FF002245
:10360000114602A8FFF72EFF19B000BD0C220020C2
:10361000F7B51446064608460D4600F0A5F923788E
:10362000D32B24D0E12B25D0D02B30D12846FFF747
:10363000E9FD304605F580561649FCF783FE738890
:103640008DF807000133012223810DF10701204687
:10365000FFF708FF728829462046FFF703FF002284
:1036600011462046FFF7FEFE012003B0F0BDFDF736
:10367000A9FBF9E7074D04270523002627812B70B6
:103680006E70AE70FDF7C2FB3A46E870E3E70020CB
:10369000EBE700BF102200202DE9F0430679056812
:1036A000ADF5805D862E87B004467BD1B0F805303D
:1036B000B3F5006F03D000270324032650E0002D4C
:1036C00000F0E980FFF754FFD0F80080B8F1FF3F29
:1036D00011D19C4A1368D91CC3F1000698BF00267B
:1036E00001331E4430461660FFF784FE01300FD1CF
:1036F00000270624E1E74046FFF74CFE20B1404694
:10370000FFF794FE4646F1E74046FFF773FEF9E700
:103710005822002105A800F070F9D4F80700D4F869
:103720000B10CDF8188086238DF814306B4603C338
:103730000223112203936946052305A8ADF81C2036
:103740008DF810300296FFF78DFE002205A8114675
:10375000FFF788FE3046FFF7F7FE00273C460426B9
:10376000DFF8FC8158220021404600F046F9042E83
:10377000C8F8045088F800400DD0032E40F08E8029
:103780002846FFF7E1FE042C01D1FFF713FE214686
:103790002846FFF7BCFE002420460DF5805D07B0EB
:1037A000BDE8F0836A1C76D02846FFF7F3FD38B9F0
:1037B000330605D5FFF710FE10B92846FFF71AFEAD
:1037C00026683046FFF7E6FD217994F904200028A9
:1037D00055D0FFF701FE012808D15B4B1B689E42C4
:1037E0004DD1002A29DA0027042466E7002A22DACC
:1037F000B4F805305BBA9AB241F6B95082423FF64E
:103800005AAF52480380524B524819604E4B392AE6
:103810001E60514B28BF39221A60504B4FF0FF31C8
:103820001960E11D00F0D0F82068FFF7FFFD50B3EC
:10383000012000F0A7F800288FD0434B1B689E4260
:103840008BD1424B454AB3F800801368424F013395
:103850008B423E681360C6D13E48A8EB06023B2A65
:10386000304404F1050104DC00F0AEF8C7F8008034
:10387000DAE73B223B3600F0A7F83E60D4E7002AA7
:10388000BFF66BAF34E7314B1F88314B1C78FFF725
:10389000A3FD064664E700270B240EE7012E02D1A4
:1038A000FDF7E6F977E7882C15D00ED8832C22D0C7
:1038B000862CBDD02A4A05A93846FFF7A9FE30B9A3
:1038C00001212846FFF723FE0AE0912CF2D1254B77
:1038D00000221A7004E0002211464046FFF7C2FDA4
:1038E0002846FFF731FEFFF765FD1E4B1B78002BC6
:1038F0007FF451AF50E70FB9032149E7194F3E78E4
:103900000EB1062144E7012305A80DF118093B700B
:1039100000F02AF80F4805A9FFF760FCB9F8FE2F60
:10392000A8F8082005A94046C8F8045088F80040C7
:10393000FFF798FD324631464046FFF793FD3E7053
:10394000CEE700BFCC0000200C2200200422002083
:10395000082200201022002000220020FC2100204C
:10396000A4210020A021002010B5044641F2040249
:10397000002104F5805400F040F84FF48053238078
:1039800010BD000008B5064B044613B10021AFF38B
:103990000080044B1B6803B19847204600F062F892
:1039A00000000000C040002010B5013902449042E0
:1039B00001D1002005E0037811F8014FA34201D0A6
:1039C000181B10BD0130F2E7884210B501EB02046C
:1039D00002D98442234607D8431EA14207D011F8DA
:1039E000012B03F8012FF8E70244824200D110BDF9
:1039F00013F8011D02F8011DF7E702440346934244
:103A000000D1704703F8011BF9E7000070B50D4BBA
:103A10000D4D5B1B9C100026A64209D100F05AF800
:103A20000A4D0B4B5B1B9C100026A64205D170BDB6
:103A300055F8043B98470136EEE755F8043B9847A4
:103A40000136F2E700000000000000000000000066
:103A500000000000034613F8012B002AFBD1181ABE
:103A600001387047FEE700BF3246414B20426F6F7E
:103A7000746C6F61646572004E6974726F6B657906
:103A8000007372632F696E69742E63006C69622F14
:103A9000757362642F757362645F636F6E662E6305
:103AA00000303132333435363738394142434445BA
:103AB00046005532465F5632008C2790F6000403CC
:103AC00009041201000200000040A020B1420001E0
:103AD00001020301F8B500BFF8BC08BC9E46704760
:103AE000F8B500BF70FFFF7F01000000E803000091
:103AF00013000000AB0D000800093D00B12E0008C6
:103B0000BD2E0008E52E0008C92E0008012F000870
:103B1000000000000000000006D0F10901A1010929
:103B200020150026FF007508954081020921150027
:103B300026FF00750895409102C000000A060002A9
:103B400000000040010000000921110000012222B4
:103B50000000000009022900010100803209040070
:103B600000020300000209211101000122220007C6
:103B70000581034000050705010340000500000022
:103B8000BD300008A1300008D52F0008000000005B
:103B900000000000BD2F00080531000800000000F3
:103BA0000000000000000000B12F0008B12F000845
:0C3BB000B12F0008C92F00080100000020
:1050000000C0002099730008E9730008E9730008E4
:10501000E9730008E9730008E97300080000000064
:10502000000000000000000000000000E97300081C
:10503000E973000800000000E9730008E973000844
:10504000E9730008E9730008E9730008E9730008D0
:10505000E9730008E9730008FD5B0008E9730008C4
:10506000E9730008E9730008E9730008E9730008B0
:10507000E9730008E9730008E9730008E9730008A0
:10508000E9730008E9730008E9730008E973000890
:10509000E9730008E9730008E9730008E973000880
:1050A000E9730008E9730008E9730008E973000870
:1050B000E97300080000000000000000E973000828
:1050C000E97300080000000000000000E973000818
:1050D00000000000E9730008E97300080000000008
:1050E000E9730008E97300080000000000000000F8
:1050F00000000000000000000000000000000000B0
:10510000000000000000000000000000E97300083B
:105110000000000000000000415C0008E973000886
:10512000E9730008E9730008E9730008E9730008EF
:10513000E97300080000000000000000000000000B
:10514000E9730008E9730008E9730008D95B0008F7
:10515000E9730008E9730008E9730008E9730008BF
:10516000E9730008E9730008E97300080000000013
:10517000E9730008E9730008000000000000000067
:10518000E9730008E9730008E973000800000000F3
:1051900010B590B000F04CFE4022002168460CF0A3
:1051A00016FA002400F01EFD001B962804D900F01A
:1051B0001EFF00F017FD044600F0E2FF684600F015
:1051C000DBFE002807DD684605F07AFB402200215F
:1051D00068460CF0FCF905F0B5FAE3E7024BD86835
:1051E000C0F30220704700BF00ED00E0034AD2F890
:1051F000943043F00103C2F894307047001002402D
:10520000024BD3F89400C0F34000704700100240F6
:10521000024A136843F00103136070470010024014
:10522000024B1868C0F34000704700BF00100240F6
:10523000024A136843F008031360704700100240ED
:10524000034A136823F0F00303431360704700BF61
:1052500000100240034A936823F003030343936062
:10526000704700BF00100240034A936823F4605364
:1052700003439360704700BF00100240044AD2F815
:10528000883023F040630343C2F88830704700BF82
:1052900000100240034A136823F00703034313601E
:1052A000704700BF00200240034A136823F4C06324
:1052B00003431360704700BF00700040054BDA6C79
:1052C000024382B0DA64DB6C03400193019B02B0BD
:1052D000704700BF00100240054B9A6D024382B038
:1052E0009A659B6D03400193019B02B0704700BF1C
:1052F00000100240054B1A6E024382B01A661B6E04
:1053000003400193019B02B0704700BF00100240B0
:105310004FF0E022136943F004031361704700006B
:10532000034AD2F8883023F00303C2F8883070476C
:1053300000100240024A936823F4E06393607047D0
:1053400000100240024A936823F0F0039360704714
:1053500000100240024A536823F47F4353607047B1
:105360000010024038B5414CA36D43F08053A36553
:105370000220FFF78FFF3E4B1B6803F007038342B9
:1053800003D03C48AE2101F019F84FF40070FFF74C
:105390008BFFD4F8983043F00103C4F89830D4F868
:1053A00098309B07FBD5FFF721FFFFF729FF012866
:1053B000FBD1FFF72DFFFFF733FF0128FBD1B02012
:1053C000FFF736FFFFF73CFF0020FFF7C3FFFFF7B3
:1053D00041FFA56815F00C05FBD14FF46050FFF7B5
:1053E000B1FFFFF7A7FFFFF73FFF234803F02CFAB9
:1053F0002148FFF78DFF03F035FA2846FFF790FFAD
:10540000FFF73CFF4FF08070FFF766FFA36B03438D
:10541000A363A36B23F08073A363184B5A6822F035
:10542000E0625A605A6822F000425A605A6822F0DC
:10543000405242F000525A605A686FF30F0242F431
:105440003B4242F07F025A605A6822F47F0242F4E3
:1054500008125A601A6822F47C5242F400521A6010
:10546000FFF7BCFE064B83F8235038BD0010024006
:105470000020024020240108006CDC020060004093
:1054800000ED00E026498B6D43F0805310B54FF4DA
:1054900080608B65FFF708FFFFF7A8FEFFF7B0FEFF
:1054A0000128FBD1FFF7B4FEFFF7BAFE0128FBD1BC
:1054B0008020FFF7BDFEFFF7C3FE0020FFF74AFF85
:1054C000FFF7C8FE8C6814F00C04FBD14FF4405079
:1054D000FFF738FFFFF72EFFFFF7C6FE114803F076
:1054E000B3F91048FFF714FF03F0BCF94FF0406028
:1054F000FFF716FFFFF7C2FEFFF770FE0A4B2046CC
:1055000083F82340FFF7C6FE084B1B685B0706D0F5
:10551000BDE81040064840F2AD1100F04FBF10BD8D
:10552000001002400024F40000ED00E000200240E2
:105530002024010838B5264DAB6D43F08053AB6590
:105540000120FFF7A7FE234B1B6803F007038342EC
:1055500004D0214840F2BD1100F030FF4FF48060CC
:10556000FFF7A2FEFFF742FEFFF74AFE0128FBD13C
:10557000FFF74EFEFFF754FE0128FBD19020FFF706
:1055800057FEFFF75DFE0020FFF7E4FEFFF762FE27
:10559000AC6814F00C04FBD14FF44050FFF7D2FE7E
:1055A000FFF7C8FEFFF760FE0C4803F04DF90B480B
:1055B000FFF7AEFE03F056F94FF04060FFF7B0FE84
:1055C000FFF75CFEFFF70AFE054B83F8234038BD6A
:1055D00000100240002002402024010800366E0125
:1055E00000ED00E0012804D0022804D028B9FFF71C
:1055F00049BFFFF79FBFFFF7B5BE7047144A154973
:10560000154808B5536843F48063536002F5D032FF
:10561000936D43F080639365104A03F0ABFB104B2E
:1056200010490120002218618861022098604A60B8
:1056300088600D490D485A6003F0D1FC0C490B48B5
:1056400003F0E2FCBDE80840084803F0E4BC00BFFA
:1056500000700040C40100108C01001060000010B8
:1056600080280020C0280020080100100000002031
:10567000A4000010F0B54FF0804495B00025012043
:10568000FFF72AFE4FF47A77256101A92046CDE97C
:105690000375ADF80450029502F070FB236843F0E7
:1056A00080032360A36823F4A03323F007030126BB
:1056B000A3600CAA602310212046CDE90C36CDE969
:1056C0000E67109502F08EFBA36923F48063A3613B
:1056D0000CAA4FF480712046CDE90D6602F082FBE2
:1056E000E36923F00403E3610CAA4FF480512046E0
:1056F000CDE90D6602F076FBE36923F48063E36194
:10570000A36823F00803A360A36823F48043A36085
:10571000A36823F43F43A360636823F070036360CE
:10572000A36823F08003A3600E22022306A94FF092
:105730009040CDE90623CDE90855CDE90A5602F09F
:105740007BFA23683343236015B0F0BD7FB5012099
:105750004FF09044FFF7B2FD0220FFF7AFFD216844
:10576000012393FAA3F2B2FA82F29A40032000FADC
:1057700002F221EA020293FAA3F12260E56893FAA9
:10578000A3F1B1FA81F193FAA3F29940B2FA82F24D
:1057900000FA01F19A4025EA010103FA02F20A43F4
:1057A000E260254A0821166891FAA1F5B5FA85F557
:1057B00091FAA1F49D40B4FA84F400FA05F59C40F6
:1057C00026EA050503FA04F42C431460546824F017
:1057D00008045460956891FAA1F4B4FA84F49C40EA
:1057E00000FA04F425EA040491FAA1F59460D5685E
:1057F00091FAA1F4B4FA84F49C40A04025EA000098
:1058000091FAA1F4D06091620C498A680F2022F0CD
:105810000F0290FAA0F08A6001A800220193029280
:10582000ADF80C308DF80E3003F050F8044B4022E8
:105830001A6004B070BD00BF0004004800000140C1
:1058400000E100E030B5014687B01020174CFFF7AB
:1058500043FD4BF6803245F6C053002908BF13467E
:10586000ADF8043000255A2301A92046CDE90253A2
:1058700002F084FA236823F080032360636823F036
:1058800070036360A36823F08003A360E36843F0C0
:105890000103E360236843F001032360256162B6DE
:1058A000034B4FF480025A6007B030BD0010004037
:1058B00000E100E008B54FF48020FFF7FFFC034A49
:1058C000136843F00403136008BD00BF00080650CE
:1058D00010B54FF4805090B0FFF70CFDE02202238A
:1058E0000024CDE900230323CDE9023469460523D2
:1058F0004FF090400494059302F09EF94FF48271AA
:105900004FF4E063CDE9071301204FF40073CDE9B4
:105910000A031023CDE90C34069409940E94064C26
:10592000072306A920460F9302F0A2FF636823F025
:105930001003636010B010BD0030014010B5044684
:105940000120FFF7D7FC4FF08050FFF7C5FC1F4A3E
:10595000D36823F4E0631B041B0C43F0BF6343F4E0
:105960000133D3600021FFF739FC1176FFF736FCD5
:105970005176FFF733FC9176FFF730FCD177FFF7D4
:105980002DFC82F82010FFF729FC82F82210FFF787
:1059900025FC82F82310FFF7D9FE94B14FF4806004
:1059A000FFF782FCFFF76EFD4FF48060FFF77CFC91
:1059B0002046FFF747FFFFF77DFFBDE81040FFF7E8
:1059C00087BFFFF7CFFCFFF755FEF1E700ED00E0E2
:1059D000044B5A69002ABFBF034A9A6002F1883219
:1059E0009A607047002002402301674508B50028EF
:1059F00029D100F0E5F91549154B002808BF1946D3
:105A00001448036A21F0E0618B421BD072B603692F
:105A1000DA03FCD4FFF7DCFF43695B0041BF0E4BA8
:105A2000C36003F14433C3600A4B19625A6942F4FC
:105A300000325A611A69D203FCD45A6942F000421A
:105A40005A6162B608BD0549DAE700BFCCF8FFFF2E
:105A5000AAF8FFFF002002403B2A1908AAF8FFF726
:105A600008B572B610490B69DB03FCD4FFF7B0FF31
:105A70000B690B614B696FF30A034B614B6943EA96
:105A8000C00040F0020048614B6943F480334B6131
:105A9000054B1A69D203FCD41A695A6922F007022D
:105AA0005A6162B608BD00BF0020024010B572B650
:105AB0000B490C69E403FCD40C690C614C6944F09B
:105AC00001044C61026043600B69DB03FCD40B6989
:105AD00001230B614B6923F001034B6162B610BDDA
:105AE000002002402DE9F7431546164A1369DB03EF
:105AF000FCD4FFF76DFF20F007002C4646194F1924
:105B0000E8462B1B9D42A6EB040902D803B0BDE872
:105B1000F083082C2246A7EB040128BF0822404648
:105B20000BF03CFD072C06D8C4F10802FF2108EB5E
:105B300004000BF04CFDDDE900234846FFF7B6FFFB
:105B4000083CDEE700200240F7B5114C00230E1898
:105B5000071D8B4201D303B0F0BD6268D207FCD5AC
:105B6000A2680192626812F0660F02D001200BF069
:105B700059FA01AD1A1807EB030CB242EBD015F835
:105B800001EB02F801EB6245F7D10433E1E700BF16
:105B90000008065030F07F43034B4FF0080214BF5B
:105BA0009A619A62704700BF000400484FF090432A
:105BB0001869C04300F0010070470000014B1870E5
:105BC000704700BFE102002008B504F025F9BDE8E8
:105BD000084004F041B80000014801F053BD00BF87
:105BE00010290020034B044A5B6A12685A2000FB0C
:105BF0000230704700100040F802002008B50B4B3F
:105C00005A695A610A4B1A680A4B9A420DD10A49DD
:105C1000FFF7E8FF0B68C01A192803D9FFF7E2FF66
:105C2000064B1860FFF7DEFF086008BD0004014066
:105C300000000010AD5B0008F0020020F40200201C
:105C400038B5234B234C00221A61234A13680133D1
:105C50001360FFF7C7FF2368C01A5A280AD91F4BE1
:105C6000186838B140B204F09BFD72B6FFF7BAFF76
:105C7000206062B61A4B1A681A4B9A421CD1002057
:105C800001F02EFB00BB012001F02AFB011E18BF12
:105C90000121154DFFF7A6FF2B68C01A19280BD953
:105CA000124C237823B919B1FFF79CFF104B1860F1
:105CB000FFF798FF217028600E4B1B68012B05D160
:105CC000BDE8384000F0E4BC0121E2E738BD00BF88
:105CD00000100040E8020020F8020020EC02002042
:105CE00000000010415D0008F0020020E0020020EA
:105CF000F4020020E402002038B5044672B6FFF733
:105D000071FF064B186062B6054D2CB12B68A3429B
:105D100002D060B204F044FD2C6038BDE8020020DF
:105D2000EC02002038B50446FFF75CFF0546FFF79C
:105D300059FF431BA34200D338BDFFF745FFF6E7E9
:105D400008B5002001F0CCFA68B15F20FFF7EAFF48
:105D5000002001F0C5FA60B9012001F0C1FA003855
:105D600018BF012004E0012001F0BAFA0028ECD1AC
:105D700008BD0120FCE70000BFF34F8F0549064B2B
:105D8000CA6802F4E0621343CB60BFF34F8F00BFD9
:105D9000FDE700BF00ED00E00400FA0508B501F0E2
:105DA000B5FA28B101F04AFA024B034A136008BD64
:105DB000024BFAE7415D000800000010AD5B0008EF
:105DC000044BD3E90802044B9A420CBFC0F34000D5
:105DD0000020704700880308791E55AA10B5ADF55C
:105DE000006D0B494FF4006268460BF0D7FB089B2F
:105DF000712043F002030893FFF732FE04484FF48A
:105E000000626946FFF76EFE0DF5006D10BD00BF24
:105E100000880308014B1868704700BFE4020020A7
:105E2000024B1B780BB9FFF7E9BB7047E202002079
:105E300070B5012088B0FFF781FD01F067FA3E4C94
:105E400010B901F08BF8206023683C4C012B41D144
:105E500023703B4B3B4A1A60FFF7E2FF04F070FCF3
:105E600006F0FEFE384B5A6A384B9A423AD0384B0D
:105E70001B6ADBB2AA2B41D12BA5D5E900453249DB
:105E8000202268460BF08AFB7120FFF7E9FD3148BC
:105E9000202269460BF072FB28B12F482022694668
:105EA0000BF06CFB70BB2D4B2D481E880023324637
:105EB000FFF7FCFD2B492C483246FFF713FE25491E
:105EC00020222148FFF70EFE284822462B46FFF7E6
:105ED000EDFD0DE00020FFF731FD00232370FFF7FB
:105EE0005DFFB9E700F0B6FA214B1B888342BED1B3
:105EF000002008B0BDE87040FFF778BD0CA5D5E9DB
:105F00000045BCE71A4B16481E8800233246FFF7AF
:105F1000CDFD184914483246FFF7E4FD20226946BA
:105F2000CFE700BFAFF3008000000000791E55AA44
:105F300002000000791E55AAE4020020E2020020BF
:105F400000000010AD5B000800880308791E55AA08
:105F5000002002400400001024000010942A0108D0
:105F600028880308982A0108308803082088030835
:105F7000962A01080F2D010810B5044600F060FABA
:105F800018B1204600F03CFA402010BD08B5094881
:105F9000402200210BF01BFB0648FFF7EDFF38B154
:105FA000044804F08DFC91284FF0FF3018BF00200A
:105FB00008BD00BF9C0200200246074907488388AD
:105FC00003F03003302B04D005484023812102F038
:105FD000F2BF0139F3D17047410D03000068004062
:105FE000000000204FF443710A2003F001BE704707
:105FF00010B504467F20FFF733FD2146D022064826
:10600000FFF770FD7E20FFF72BFD21460348BDE81A
:106010001040D022FFF766BD00F8030800F0030827
:106020001FB504460E49D0220BF0B8FA2378A52BF1
:1060300002D1012004B010BD0A49102268460BF0BD
:10604000ADFA9DF80030A52B08D10649D022204694
:106050000BF0A4FA2046FFF7CBFFEAE70020E9E7C0
:1060600000F8030800F003087FB5424D2B685A1C66
:10607000044635D002930023039344B9012101A8BB
:10608000FFF762FD9DF8044004F00F040134002284
:106090001546AB0003F1006303F57A3331461E6801
:1060A000731C28D102B10391DDE902325ABB1B02F5
:1060B00001337D200393FFF7D3FC042203A92E486C
:1060C000FFF710FD029B7C2001330293FFF7C8FC11
:1060D0002848042202A9FFF705FD039804B070BD0B
:1060E00001237C200293FFF7BBFC042202A928466F
:1060F000FFF7F8FCBFE70235B5F5007F4FF001026E
:10610000C7D10396D0E7B4F5807F98BFA418B3EB4E
:10611000142F03944FEA142208D27C200292FFF736
:106120009FFC1448042202A9FFF7DCFCB5F5007FB0
:106130000FD1039B1B0A01337C200293FFF790FCD5
:106140000C48042202A9FFF7CDFC7D20FFF788FC54
:10615000002505F1007000F57A400422800003A9B3
:10616000FFF7C0FC054B03981A68904200D1FEE788
:106170001860B3E700E0030800E80308DC02002031
:1061800008B5044B1B680BB100F098FEBDE8084051
:10619000FFF71ABDE40200204FF0904310B51B69D1
:1061A000DB4303F001030370044603F0B7FC6070A7
:1061B00003F0D4FDA07003F0DFFDE07003F00EFDEE
:1061C000C82363710523A37164232071E371002048
:1061D00010BD08B50146FFF705FD084408BD0000E5
:1061E00038B51A4B1B68012B04460D4618D0184BC6
:1061F0001B7843BB012003F029FD2046FFF7E9FF90
:106200000446FFF7EFFCA04206D303F0E1FC0020B8
:1062100003F01CFD002004E0A84718B903F016FDA8
:10622000012038BDFFF7B2FE38B103F0D1FC0020E9
:1062300003F00CFD4FF0FF30F3E7FFF7C5FC012042
:10624000FFF770FDDDE70220EBE700BFE40200206E
:10625000E10200200149FFF7C3BF00BFED9F000826
:1062600010B504464FF47F0003F082FC0449204639
:10627000FFF7B6FF044603F081FC204610BD00BFC7
:10628000F39F000810B50446054803F071FC05496A
:106290002046FFF7A5FF044603F070FC204610BD22
:1062A00000FFFF00F39F000808B5FFF74DFC012039
:1062B00008BD10B5722420460134E4B2FFF7D0FBCC
:1062C0007C2CF8D110BD322070470346312B084694
:1062D0000FD80522B3FBF2F202F5803102EB820205
:1062E0009B1A40F299127231534303EBC1210BF018
:1062F00055B970472DE9F0413128ADF5006D0546DF
:10630000884622D80524B0FBF4F404F580307230BE
:10631000C6024FF40062314668460BF02EFA04EBD9
:10632000840340F29912E81A6F46414602FB00705E
:106330000BF023FA04F17200C0B2FFF791FB4FF4A7
:10634000006269463046FFF7CDFB0DF5006DBDE8F4
:10635000F081FFF7CFBF10B5E8B0044640F29912C4
:10636000FF2101A80BF033F901A92046FFF7C2FF76
:1063700068B010BD0A4B4CF6CC421A6045F255523B
:106380001A6000225A6040F6FF721A614FF4FA62F6
:106390009A60DA685207FCD14AF6AA221A6070475E
:1063A00000300040044B03F1100253F8041B40F886
:1063B000041B9342F9D17047842A0108FEE70000CC
:1063C000F8B50C4E3568632D014610DC0A4F0B48BA
:1063D0003C68402200EB841001340BF0DFF8642CA1
:1063E000A8BF002401353C6035600020F8BD4FF0A7
:1063F000FF30FBE7FC1B0020041C0020FC020020F7
:1064000010B50C4C0C4B2168402203EB81110BF0B2
:10641000C5F80A490A68002A09DD23680133642B9C
:10642000A8BF0023013A23600A60002010BD4FF08E
:10643000FF30FBE7001C0020FC020020FC1B0020BA
:10644000014B1868704700BFFC1B002000487047D4
:1064500000880308014B188D704700BF00880308AF
:10646000024B03491A8D0BF099B800BF008803084E
:1064700030880308034610F0040F14BF02200120E7
:106480001B0748BF01307047044B00221A809A70E6
:10649000202203F8012C01225A707047142000209A
:1064A00038B50F4D2B789B07044605D50A2000F020
:1064B0008DFD2870012038BDFFF794FB0444FFF7E1
:1064C00091FB844201D80020F5E70A2000F07EFD10
:1064D00010F0060F2870EDD10120FFF723FCEEE746
:1064E000122000202DE9F0471E46002388B03360BB
:1064F000074688469146FFF775FBDFF864A007441E
:10650000FFF770FB874201D8002021E09AF8005085
:106510006A0705D40A2000F059FD05468AF80000F4
:106520000C2000F053FD43B2002B14DD6B0712D595
:1065300000F01F042146684600F078FD4C452246D5
:10654000A8BF4A463260694640460BF016F9012062
:1065500008B0BDE8F0870120FFF7E4FBD0E700BFFB
:106560001220002038B50D460446042000F0C8FD76
:10657000202D2946204628BF202100F06DFDBDE8D2
:106580003840082000F0BCBD2DE9F0411D2A88B03C
:1065900014461E4629D8164B1B788DF8013000F0A2
:1065A0000F0500238DF800508DF80230FFF762FFD1
:1065B000E84605461AB111B168440BF0DEF86219DD
:1065C00002F1200302340DEB03022919330A40467D
:1065D000C9B202F8203C02F81F6CFFF7C3FF01208C
:1065E000FFF75EFF08B0BDE8F0810020FAE700BFCA
:1065F0001720002000220B461146FFF7C5BFB1F55A
:10660000807F28BF00216123037041707047000024
:10661000034A00231370034A1370034A1360704740
:1066200011200020102000200C20002070B5164EF4
:1066300034788AB034BB154D2B7863B94FF4F973B5
:10664000022102A80124ADF80830FFF78BFF2C705F
:1066500020460AB070BD01AB202202A9FFF742FF1D
:1066600010B901233370F3E7019B022BF9D19DF898
:106670000830F22BF5D19DF80930012BF1D12C70A7
:106680000446E5E70024E3E7102000201120002065
:1066900038B5084D2C685CB1FFF7A4FA04F5967480
:1066A000844205D80A20FFF7C1FFFFF79BFA286054
:1066B00038BD00BF0C2000201FB500F00F010009FD
:1066C00028D001280CBF18222022144B59701A70B0
:1066D00042F20E23ADF80030C0238DF80230104B8B
:1066E0001A68CDF803205A68CDF8072068461A8941
:1066F0009B7AADF80B200E218DF80D30FFF732FF9D
:106700000A20FFF7CDFE38B9022000F0F9FC012085
:1067100005B000BD1022D8E70020F9E713200020C3
:106720002B24010830B589B0044620220D46684666
:1067300000210AF04CFF0F4A2046FFF79BFE93789A
:10674000B3FA83F35B0904F00F04937064F05F0302
:106750008DF80030084B1B788DF8013001461DB9CB
:1067600064F04F048DF800406846FFF7FBFE09B067
:1067700030BD00BF13200020172000202DE9F04F6E
:1067800097B000F00F07FFF775FE1F2ADFF814A17E
:106790008846144605460DF134091CDC9AF8006061
:1067A0002022002148460AF012FF8DF834708DF83F
:1067B000356044B1B8F1000F05D02246414609EBDF
:1067C00005000AF0DAFF2919C9B24846FFF7CAFEE8
:1067D00017B0BDE8F08FC0F120030026019309EB4C
:1067E0000003B3460293019B02988DF83470A21BFC
:1067F0009A42A8BF1A4608EB06019AF800308DF8B5
:10680000353003928DF836B00AF0B7FF039A16447C
:10681000A642B8BF9DF8343005EB0201B8BF43F083
:1068200010034846C9B2B8BF8DF83430FFF79AFE5E
:106830000520FFF735FE0028CAD09DF83430DB066E
:106840002AD52022002105A80AF0C1FE202204AB8F
:1068500005A96420FFF746FE9DF814200028B7D054
:1068600002F0E003A02BB3D19007B1D5D10604D537
:1068700001211046FFF756FFAAE71046FFF7FAFD81
:10688000049B9842A4D19DF834305340DB0703D4D5
:1068900002F0F602A22A9BD0A64287F00107A2DBF3
:1068A00096E700BF17200020F8B5154F06460020D8
:1068B000386014480124FF2A0D46047000DD2BB116
:1068C00029463046BDE8F840FFF758BFA2F1FD0465
:1068D0000D483C60FD220AF061FE0C482146FFF79E
:1068E0008EFEFF22A0F1FD013046FFF747FF3A6818
:1068F000054805F1FD01BDE8F8400AF04FBE00BFB4
:106900001C20002018200020202000201D21002015
:1069100010B40C469C4211460FDC127802F0F002D3
:10692000A02A06D1042C06DD22465DF8044B0AF0AD
:1069300025BE9C42F8D00B2000E00A205DF8044BF5
:106940007047000038B5144A082304460D46FFF787
:10695000DFFF18B90520114BD87038BD104A072346
:1069600029462046FFF7D4FF08B90120F3E70D4A76
:10697000022329462046FFF7CBFF08B90320EAE7A8
:10698000094A022329462046FFF7C2FF08B904201E
:10699000E1E70020E1E700BF952F01081320002068
:1069A0009E2F0108372401083A2401082DE9F043FD
:1069B0001378ADF5805D13F07F0883B005460E4671
:1069C000144608D04FF4DC410DF5805D03B0BDE8FE
:1069D000F043FFF70FBE5378A42B76D016D8032BC5
:1069E00000F08D8008D8012B00F09780022B00F07A
:1069F000C0804FF4DA4124E0102BFAD1974BDB78BA
:106A0000052B00F0CB804FF4DA41DDE7C02B12D02C
:106A1000EE2B00F00B81B02BEBD1904BD2F80A207B
:106A2000DB78032B92B200F0E480042B00F0F480BA
:106A300046F68221C8E793780BB9D3781BB146F6A6
:106A400086212846C0E7D2F80A60DFF8289236F49B
:106A50008073D9F8004008D0A64206D9FF2C00F276
:106A6000978004F5CE4189B2EBE70DF10408FF22CF
:106A7000002140460AF0ABFD002E08BFFD26A642CD
:106A8000374628BF274676493A4640460AF075FE03
:106A9000A64218D2E11B08EB0700FFF7B0FD022267
:106AA0003A4441462846FFF769FED9F800206C4871
:106AB000D21BC119C9F800200DF5805D03B0BDE8F7
:106AC000F0430AF06BBD0022EAE79188D2F8060095
:106AD000FFF738FF05280BD162494FF41043062217
:106AE00028460DF5805D03B0BDE8F043FFF74CBDCF
:106AF00010B14FF41041A4E746F68221A1E7574BAD
:106B0000DB78052B7FF475AF9288D4F8061002AFBE
:106B100001AB304603F000FD1FE0504BDB78052B46
:106B20007FF467AF9388402B02D04FF4CE414BE700
:106B3000FFF770F9012801D1FEF754FDA288D4F8BF
:106B4000061001AB304603F0E7FCFFF763F90128BC
:106B500002AF02D10020FEF745FDA37BB7F8FE2F60
:106B600001A92846FFF7A0FE0DF5805D03B0BDE842
:106B7000F0833A4BD87805287FF43BAFD4F8061061
:106B8000928891F8403041339A4204D0FFF7CAF816
:106B90004FF4CE4155E702AF01ABBAE70120FFF752
:106BA0000DF801A806F04EF8A188D4F8060001AA55
:106BB00006F0A2FC0746404602AEFEF7FFFFB7B95B
:106BC000B6F8FE2F01A9F01E0AF0E8FCB6F8FE2F79
:106BD000033292B2A6F8FE2F06F8047C16449023E6
:106BE00006F8063C002306F8053CA37BB8E7032221
:106BF000F0E7531E9BB20F2B28BF0F221A494FF408
:106C00001043D2B2FFF7C0FC0A200DF5805D03B03F
:106C1000BDE8F043FFF744BC531E9BB2142B28BFC2
:106C2000142212494FF41043D2B2EBE79288042A9F
:106C30007FF4DFAE0E49D4F806000AF09FFC00286E
:106C40007FF4D7AE4FF410412846FFF7D3FC142051
:106C5000FFF768F8FFF790F8FEE700BF1320002069
:106C6000202000203D240108862F01084400001048
:106C7000442401081C2000202DE9F0432C4D85B050
:106C800004460078FFF7F6FB2B780E46074643B123
:106C9000431CDBB2E35CC02B1FBF264A00231360FA
:106CA0002B7004EB0708F11B6A46404603F0A4F979
:106CB000014628B12078FFF79DFC05B0BDE8F083C0
:106CC0002B787BBBE35DDFF86C90DB06D9F80050D6
:106CD00015D52E44B6F5006F02D94FF4CE41E9E741
:106CE000BDF804601448DDF80610324628442E44EE
:106CF0000AF054FCC9F800604FF41041DAE78DB196
:106D0000DDF80610BDF8042048190AF047FC2A46B1
:106D10000949DDF806000AF041FCBDF804301D44C5
:106D2000ADF8045020786A464146FFF73FFEC4E7BD
:106D3000182000201C20002020200020034B0448A5
:106D400000214FF4806219600AF041BC081C002049
:106D50000C1C00202DE9F84306460C46002900F0E3
:106D6000A280057805F0F003D02B0DD14378112BCC
:106D70004FF0010106D183781C0703D1BDE8F84329
:106D8000FFF7F0BB4948F9E73F2D58D8A90740F174
:106D90008A802846FFF76EFB2A0744BF444B72786F
:106DA000444F48BF1A70EB06D7F8009080461CD5B8
:106DB00004EB0903B3F5806F06D94FF4DE41284692
:106DC000BDE8F843FFF716BC844208D9241A3118ED
:106DD0003948224648444C440AF0CFFC3C603078A5
:106DE0000121BDE8F843FFF79DBCB9F1000F1FD0AA
:106DF0008442314D07D9241A3118224605EB090087
:106E00000AF0BBFCA1442C494A4605EB08000AF0F5
:106E1000C5FB3146284842460AF0C0FB08EB090191
:106E200039602548FFF728FFBDE8F843FFF786BF24
:106E30003146214822460AF0A0FC2146F1E705F040
:106E4000E003A02B09D1A8072DD5290742BF184B75
:106E500072781A7001212846C3E705F0C003C02BE1
:106E600021D1AA071FD515F0300F19D12846FFF7F9
:106E700001FB2B0742BF0E4B72781A700146304659
:106E8000FFF770FB0220FFF70BFB102000F038F932
:106E9000FFF7FAFAFFF752FFBDE8F843FFF7B8BB78
:106EA00046F685118BE7BDE8F88300BFA62F0108E1
:106EB00017200020081C00200C1C002010B590B0EA
:106EC00008A800F095F8234A9DF82A30117813702D
:106ED0009DF8242002F03802302A03D000242046F6
:106EE00010B010BD0B431A0601D5FFF7CDFA9DF87F
:106EF0002A3019434B07F1D59DF92C309DF82C40D1
:106F0000002BEBDD04F01F042146684600F08EF8EC
:106F1000002CE3D09DF80030522BE0D008D8262B6F
:106F2000DDD0502B12D021466846FFF713FFD6E77D
:106F3000E02BF8D19DF80100FFF7BEFB064B0122C4
:106F40009A70FFF7FBFEFFF763FBC8E7102000F025
:106F5000D7F8C4E7122000201320002038B5FFF72F
:106F600093FA00F0D9F80446FEF73CFE0546FEF71A
:106F700039FE431B092B06D900F006F9201E18BF65
:106F80000120400038BDFFF799FF0028EFD0012015
:106F9000F8E70000054B9A6812F4C05FFBD1187344
:106FA0009A68D207FCD5D868C0B27047003001405B
:106FB00008B5FFF7EFFF0846FFF7ECFF024B012291
:106FC0009A619A6208BD00BF0004004808B500F04D
:106FD0001F0040F02000FFF7DDFF0020FFF7DAFF81
:106FE000024B01229A619A6208BD00BF000400486A
:106FF00010B50C4B01469A68D20701D5DA68FAE75A
:107000002420FFF7C7FFCC1C0C310020FFF7C2FF84
:1070100004F8010F8C42F8D1034B01229A619A6265
:1070200010BD00BF003001400004004810B5044608
:10703000A020FFF7AFFF21448C4204D1054B012271
:107040009A619A6210BD0020FFF7A4FF04F8010BBB
:10705000F2E700BF0004004810B504468020FFF7A7
:1070600099FF21448C4204D1044B01229A619A6217
:1070700010BD14F8010BFFF78DFFF3E70004004883
:1070800010B504467F20FFF785FF600000F0FE008A
:10709000FFF780FF0020FFF77DFF08700020FFF75B
:1070A00079FF48700020FFF775FF88700020FFF718
:1070B00071FF034BC87001229A619A6210BD00BF34
:1070C0000004004810B504464020FFF763FF60004D
:1070D00000F0FE00FFF75EFF0878FFF75BFF4878DF
:1070E000FFF758FF8878FFF755FFC878FFF752FF82
:1070F000024B01229A619A6210BD00BF0004004851
:1071000008B540F0C000FFF745FF024B01229A612D
:107110009A6208BD0004004838B5194C0120226865
:1071200090FAA0F1B1FA81F190FAA0F30325814021
:10713000B3FA83F305FA01F1834022EA010200FA6F
:1071400003F3134323600F4BA0611A6822F002027D
:107150001A601A6802431A605A6842F480525A60F0
:107160001A6842F040021A60A062FEF7DBFD1C20A4
:10717000FFF72CFFA0F114035842584138BD00BF5F
:10718000000400480030014037B51C20FFF71EFF07
:1071900001A90020FFF774FF7E20FFF771FF9DF823
:1071A0000430442B06D19DF805301BB99DF80630FC
:1071B000202B13D01E4C1F4B019301A97E200125CB
:1071C000FFF780FF0A20A561FEF7ACFD0A20A5624B
:1071D000FEF7A8FD01A97E20FFF752FF01A97F203D
:1071E000FFF74EFF9DF80430052B03D19DF80530C5
:1071F000402B1BD005210220FFF7DAFE0C4C40216A
:107200000320FFF7D5FE01250B4B019301A97F2039
:10721000FFF758FF0A20A561FEF784FD0A20A5624A
:10722000FEF780FD01A97F20FFF72AFF03B030BDE4
:1072300000040048440020000540800070B5174A53
:107240001748936C43F4803386B002249364302350
:10725000CDE900340023CDE90233049369460923C4
:107260000593402500F0E8FC012669460C4800958E
:10727000039600F0E1FC0B4B0B4A1E6019680A43B1
:107280001A606FF070021A611D621C635A6822F066
:1072900003025A6003229A6006B070BD00100240DB
:1072A0000004004800400240C0400279074B1A68C1
:1072B00022F002021A6003229A601A6822F0100279
:1072C0001A601A6842F002021A60704700400240D9
:1072D000024BDA68D207FCD5DB68704700400240F9
:1072E00008B5094958B101280CD0FFF7DFFFFFF7B7
:1072F000EFFF886B2C288CBF0020012008BD1023D5
:107300008B62F2E72023FBE70040024030B5204DBE
:107310002B78002B3AD11F4A0223106893FAA3F16D
:10732000B1FA81F10324490004FA01F120EA0101D4
:1073300093FAA3F01160D06893FAA3F1B1FA81F146
:1073400093FAA3F3490004FA01F1B3FA83F320EAB4
:1073500001005B00012101FA03F30343D36000BF86
:1073600000BF00BF00BF1069C0F340004840C0B27A
:107370002870D56891FAA1F3B3FA83F38B409C404F
:1073800025EA040491FAA1F1D46030BD0120FCE7A4
:107390002028002000040048DFF834D000F026F850
:1073A000002103E00B4B5B58435004310A480B4B60
:1073B00042189A42F6D30A4A02E0002342F8043BFC
:1073C000084B9A42F9D30AF0A7F9FDF7E1FEFEE770
:1073D00000C00020543501080000001068020010B1
:1073E0000000002030710020FEE700000E4AD2F8B5
:1073F000883043F47003C2F888300C4B1A680020C0
:1074000042F001021A6098601A6822F0A85222F431
:1074100010221A604FF48052DA601A6822F4802237
:107420001A609861FEF7DEB800ED00E0001002403F
:107430002DE9F041044686B0002869D090F829343F
:1074400003F0FF021BB980F8282401F09DFC032300
:10745000254684F8293455F8100B00F025FE0FCD91
:107460006E460FC62B68336004F1040898E80E00DE
:10747000206800F007FE0021206800F01FFE0021B8
:107480002246234604F110050126084683F82810F9
:10749000D98601310F29C3E90E0083F8296083F8EA
:1074A0002B00186403F12003F0D100231F4682F85B
:1074B000283201330F2BC2E98E7782F8297282F8C5
:1074C0002B72C2F8407202F12002F0D10FCD6E464D
:1074D0000FC62B68336098E80E00206800F0F0FDBE
:1074E000012384F8247084F82934E369012B02D144
:1074F000204600F08AFB236A012B02D1204600F0CF
:1075000070FB206801F096F8002006B0BDE8F0811D
:107510000120FAE710B590F82834012B04460CD06E
:10752000012380F82834006801F079F8206800F021
:10753000B0FD002084F8280410BD0220FCE710B53F
:1075400090F82824012A04460BD0012280F8282430
:1075500080F82410006801F05CF8002084F828040A
:1075600010BD0220FCE770B5054601F00F0011F0D8
:10757000800F4FEA401414BF04F1280104F50A718A
:1075800005EB401615BF491949190124002414BF01
:1075900086F8294086F829420A614A780870CB703B
:1075A00002B1C881022B04BF00230B7195F8283467
:1075B000012B09D00123286885F8283400F09EFDAE
:1075C000002085F8280470BD0220FCE701F00F02BE
:1075D00011F0800F4FEA421310B514BF03F12801D8
:1075E00003F50A71044618BF091900EB42100BBFDE
:1075F00009190123002380F8293008BF80F82932B7
:107600000A7094F82834012B09D00123206884F8EB
:10761000283400F0C7FE002084F8280410BD0220A2
:10762000FCE738B501F00F0100EB4114002584F8A8
:10763000281284F82952C4E98F23C4F8445204F56F
:107640000A71006801F014F8284638BD01F00F01F6
:1076500000EB4110B0F84402704738B501F00F015B
:1076600000EB4114C4E90F23012384F828100025FE
:1076700084F82930214665642831006800F0F8FF5D
:10768000284638BD2DE9F0470446006800F0DAFFCF
:10769000020408D5C24E40F68F782068B0F8443016
:1076A0001A0400F1D080206800F0CCFF43050FD50C
:1076B0002268B2F8443023F480631B041B0C20467C
:1076C000A2F8443001F0B5FB00212046FFF737FF58
:1076D000206800F0B7FF4304226807D5B2F84430B1
:1076E00023F480431B041B0CA2F84430104600F026
:1076F000A9FF8704226807D5B2F8443023F4005369
:107700001B041B0CA2F84430104600F09BFFC6047B
:1077100026D52268B2F8403023F004031B041B0C6A
:10772000A2F84030B2F8403023F008031B041B0CD1
:10773000A2F8403094F86034012B05D1002184F880
:107740006014204600F077FA204601F080FB2268A2
:10775000B2F8443023F480531B041B0CA2F84430CD
:10776000206800F06FFF05051DD52068B0F8403097
:107770009BB243F00803A0F84030B0F8443023F443
:1077800000631B041B0CA0F84430B0F840309BB2DF
:1077900043F00403A0F8403000F054FFC00402D4CA
:1077A000204601F053FB206800F04CFF010629D56C
:1077B0002368B3F8442022F080021204120CA3F8CC
:1077C000442094F86024002A40F08A81B3F84020D5
:1077D00092B242F00402A3F84020B3F8402092B2E3
:1077E00042F008020121A3F8402084F86014B3F8A5
:1077F0005430C3F38D0303F03C03C4F864342046D3
:1078000000F019FA206800F01DFF82050BD52268F0
:10781000B2F8443023F400731B041B0CA2F844306C
:10782000204601F002FB206800F00CFFC30508D5DC
:107830002268B2F8443023F480731B041B0CA2F8B6
:107840004430BDE8F087B0F84450A9B215F00F05F8
:1078500040F0AA8011F01001038828D19BB2334078
:10786000038094F82820B0F8503000EBC20212FADE
:1078700083F3E26BB3F80234C3F309031A4463647D
:10788000E263204601F0CAFA94F82430002B3FF45A
:1078900004AF226C002A7FF400AF94F824302168F2
:1078A00043F08003A1F84C3084F82420F5E61F054E
:1078B0009AB21ED594F82822B0F8503000EBC202DC
:1078C00012FA83F304F58661B3F80634B4F82E2275
:1078D000C3F30903C4F8443200F09CFF2268138804
:1078E00023F070031B051B0D1380204601F07EFA68
:1078F000D3E615047FF5D1AE038823F070031B0592
:107900001B0D038094F82822B0F8503000EBC2021F
:1079100012FA83F3B3F80634C3F30903C4F844320C
:1079200063B1B4F82E22D4F83C1200F073FFD4F8FF
:107930003C32D4F844221344C4F83C32002120469F
:1079400001F05AFA2268D4F83852B2F8501002F214
:10795000064089B2B5B9435A23F440639B049B0C9B
:1079600043F400434352138823F4804323F070030D
:107970001B041B0C83F4405343F4004343F0800387
:1079800013808AE63D2D95BF05F00103054B03EBFF
:1079900055036D0994BF9B0243EA85239BB2E1E73F
:1079A0000F8FFFFF0080FFFF30F8253019041FFA0A
:1079B00083FA39D530F8253008EA030304EB451281
:1079C00020F8253092F8283292F834C2D2F83C12CE
:1079D0004FEA4519DF00BCF1000F48D1B0F8503034
:1079E00017FA83F30344B3F80674C7F3090727B102
:1079F000B2F82E223B4600F00DFFA144D9F84432E4
:107A0000D9F83C2299F828123B44C9F84432D9F8F5
:107A100040323A44C9F83C221BB1D9F838028742B7
:107A200057D2204601F0E8F91AF0800F3FF435AE46
:107A3000236833F8252092B2324023F8252004EB46
:107A40004515B3F8502095F8281003EBC10313FA3D
:107A500082F3EA6BB3F80234C3F309031A446B648C
:107A60002B6CEA632046C3BB01F0D8F915E630F869
:107A7000233013F4804FB0F8503017FA83F30344E7
:107A80001DD0B3F80274C7F3090727B1B2F830224A
:107A90003B4600F0BFFE04EB0903226893F828126E
:107AA00032F8213023F4E04323F070031B041B0C55
:107AB00043F4004343F0C00322F821309DE7B3F8BC
:107AC0000674C7F30907002FE5D0B2F832223B460F
:107AD000DFE72046FFF7A5FDA6E7FFF7BEFDDCE5E3
:107AE000204601F0B3F98DE638B5436801F00F0583
:107AF0009D42044628D80B061DD56B0103F12801D1
:107B000003440122014483F8292001238B700D7066
:107B100094F828249A4219D0206884F8283400F078
:107B200014FD25B9206804F5866100F08FFD002062
:107B300084F8280438BD4B0103F50A710344002280
:107B4000014483F82922E0E70120F3E70220F1E76E
:107B500038B5436801F00F029A42044626D811F066
:107B6000800F4FEA421315BF03F1280103F50A7194
:107B70000919091900EB421014BF012300234FF02B
:107B8000000514BF80F8293080F829328D700A7002
:107B900094F82834012B0BD00123206884F8283472
:107BA00000F0F3FC84F82854284638BD0120FCE797
:107BB0000220FAE711F0800F1BBF01F00F0100EB6C
:107BC000411000EB4110283008BF00F50A7099B24F
:107BD0001AB90273C18000207047012202738360CA
:107BE000F9E702680123C0F86C34B2F858309BB250
:107BF00043F00103A2F85830B2F858309BB243F07A
:107C00000203A2F8583000207047034601210268A1
:107C1000C0F86814002083F86004B2F854309BB2B6
:107C20000B43A2F85430B2F854309BB243F0020335
:107C3000A2F85430704770472DE9F0410C6894FA6F
:107C4000A4F50127B5FA85F5032634FA05F30DD11D
:107C50004B68013B012B06D84268CB6822EA04023C
:107C60006343134343600120BDE8F08107FA05F345
:107C7000234067D0D1F804C0D0F8008093FAA3FE67
:107C8000BEFA8EFE93FAA3F2B2FA82F24FEA4E0ED9
:107C900006FA0EFE520028EA0E080CFA02F248EA32
:107CA000020202600CF1FF32012A16D8D0F808E077
:107CB00093FAA3F2B2FA82F293FAA3F8520006FA08
:107CC00002F22EEA020EB8FA88F88A684FEA4808EB
:107CD00002FA08F24EEA02028260D0F80CE093FA4F
:107CE000A3F2B2FA82F293FAA3F8520006FA02F271
:107CF0002EEA020EB8FA88F80A694FEA480802FA32
:107D000008F24EEA0202BCF1020FC2601AD1FF2B48
:107D1000D1F814C018D8D0F820E093FAA3F8B8FA34
:107D200088F893FAA3F24FEA8803B2FA82F24FF08E
:107D30000F0808FA03F392002EEA03030CFA02F28A
:107D400013430362013580E7426A1B0A93FAA3FEDC
:107D5000BEFA8EFE93FAA3F34FF00F08B3FA83F343
:107D60004FEA8E0E08FA0EFE9B0022EA0E020CFA73
:107D700003FC42EA0C024262E4E70000174A03688F
:107D800090420BD0B0F1804F08D002F5A052904243
:107D900009D1CA6823F44073134307E04A6823F00B
:107DA00070031343F5E70E4A9042F2D003608B68EC
:107DB000C3620B888362094B984207D003F5A05336
:107DC000984203D003F58063984201D10B7C036392
:107DD000436943F00103436101207047002C0140D7
:107DE00000440140B1F5805F30B500F0F08009D863
:107DF000102975D0B1F5807F00F0AE80012935D013
:107E0000002030BDB1F5803F00F00E81B1F5801F3C
:107E1000F6D1036A146823F480130362036A416D88
:107E200021F0807121F4E04141EA0424116923F436
:107E3000001343EA0153516823F4801343EA0153CA
:107E40008F49884207D001F5A051884203D001F53F
:107E50008061884206D14168956921F4802141EA18
:107E600085214160D2684465C26536E0036A1568C1
:107E700023F001030362036A4168846924F48034B7
:107E800024F073042C43156923F002032B43556837
:107E900023F001032B437A4DA84207D005F5A055E6
:107EA000A84203D005F58065A84212D1556923F098
:107EB000080343EA8503956823F0040343EA850336
:107EC000956921F480712943D56921F4007141EA53
:107ED0004501D2684160846142630362012090E7FA
:107EE000036A156823F010030362036A416884691A
:107EF00024F0807424F4E64444EA0524156923F050
:107F0000200343EA0513556823F0100343EA0513E1
:107F10005B4DA84207D005F5A055A84203D005F552
:107F20008065A84213D1556923F0800343EA851385
:107F3000956823F0400343EA8513956921F4806135
:107F400041EA8501D56921F4006141EAC501D268A1
:107F5000416084618263C0E7036A156823F480731B
:107F60000362036A4168C46924F4803424F0730412
:107F70002C43156923F4007343EA0523556823F461
:107F8000807343EA05233E4DA84207D005F5A0556E
:107F9000A84203D005F58065A84213D1556923F4A2
:107FA000006343EA8523956823F4806343EA8523CD
:107FB000956921F4805141EA0511D56921F40051F8
:107FC00041EA4511D2684160C461C26385E7036A32
:107FD000156823F480530362036A4468C16921F081
:107FE000807121F4E64141EA0521156923F400532B
:107FF00043EA0533556823F4805343EA0533204DA3
:10800000A84207D005F5A055A84203D005F5806524
:10801000A84204D1956924F4804444EA8514D268C6
:108020004460C161026458E7036A146823F4803332
:108030000362036A416D21F4803121F070010C4329
:10804000116923F4003343EA0143516823F4803378
:1080500043EA01430A49884207D001F5A05188420A
:1080600003D001F58061884206D14168956921F409
:10807000803141EA05214160D268446582652CE780
:10808000002C014084B001A880E80E0004B000205C
:108090007047B0F840309BB243F43F4343F0800355
:1080A000A0F8403000207047B0F8403023F47E53F1
:1080B0005B045B0CA0F84030002070470020704744
:1080C00084B010B5044603A880E80E000020012308
:1080D000A4F84030A4F84000A4F84400A4F85000EC
:1080E000B4F840309BB243F43F4343F08003A4F81C
:1080F0004030BDE8104004B070470000F0B50A7889
:10810000CD7830F8224024F4EC4424F070042404A8
:108110000346240C032D03D8DFE805F0434B494701
:10812000012023F8224033F822409B4EA4B2344071
:10813000144344F4004444F0800423F822400C7BB0
:1081400003EBC207002C78D1CC8891F801C06408F9
:108150006400BCF1000F2FD0B3F8501017FA81F172
:10816000A1F8004433F822104C0609D533F8221048
:1081700089B2314041F4004141F0C00123F822109E
:1081800033F82210854C89B2012D01EA040101D097
:1081900081F0200141F4004141F0800123F82210D8
:1081A000B3E044F400742846BBE744F4C064002004
:1081B000B7E744F48064FAE7B3F8505017FA85F54E
:1081C000A5F80444B3F850500C6917FA85F534BB90
:1081D000B5F8061421F440618904890C41F400418A
:1081E000A5F8061433F8221049040DD533F82210EF
:1081F00021F4E04121F070010904090C41F44041EF
:1082000041F0800123F8221033F8221021F480413C
:1082100021F070010904090C81F44051BAE73D2CAA
:1082200095BF04F001015E4901EB5401640994BF5C
:10823000890241EA842189B2D2E733F82240A4B20C
:10824000344044F4014444F0800423F82240B3F85D
:108250005040B1F808C017FA84F42CF0010CA4F8CF
:1082600000C4B3F8504017FA84F44F8927F001078F
:10827000A4F804744978002948D133F822104F0437
:1082800009D533F8221089B2314041F4404141F020
:10829000800123F8221033F822104D060DD533F853
:1082A000221021F4E04121F070010904090C41F48D
:1082B000004141F0C00123F8221033F8221021F4CC
:1082C000E04121F070010904090C41F4004141F042
:1082D000C00123F8221033F8221021F4804121F04C
:1082E00070010904090C48F2800481F440512143D3
:1082F00023F8221033F8221021F4E04121F040014C
:108300000904090C0C4323F82240F0BD33F8221075
:108310004C0409D533F8221089B2314041F4404170
:1083200041F0800123F8221033F8221049060DD5C0
:1083300033F8221021F4E04121F070010904090C06
:1083400041F4004141F0C00123F8221033F822101B
:10835000124C21F4E04121F070010904090C41F4B0
:10836000404141F0800123F8221033F8221089B2F5
:108370002140012D18BF81F0200141F4004141F05E
:10838000800123F8221033F8221021F4804121F0DB
:1083900070010904090CFDE68F8FFFFFBF8FFFFFFF
:1083A0000080FFFF4A780B78097BD9BB0AB330F80D
:1083B000232051060DD530F8232022F4E04222F08C
:1083C00070021204120C42F4004242F0C00220F883
:1083D000232030F8232022F4E04222F0400212044D
:1083E000120C42F4004242F0800220F823200020C8
:1083F000704730F8232052040DD530F8232022F4A2
:10840000E04222F070021204120C42F4404242F0A8
:10841000800220F8232030F8232022F4804222F02A
:108420007002DCE7002A4AD130F8232051040DD530
:1084300030F8232022F4E04222F070021204120CE1
:1084400042F4404242F0800220F8232030F82320FA
:1084500052060DD530F8232022F4E04222F07002BB
:108460001204120C42F4004242F0C00220F8232011
:1084700030F8232022F4E04222F070021204120CA1
:1084800042F4004242F0C00220F8232030F82320BA
:1084900022F4804222F070021204120C48F2800191
:1084A0000A4320F8232030F8232022F4E04222F06F
:1084B00040021204120C114320F8231097E730F801
:1084C000232051040DD530F8232022F4E04222F07D
:1084D00070021204120C42F4404242F0800220F872
:1084E000232030F8232052060DD530F8232022F423
:1084F000E04222F070021204120C42F4004242F0F8
:10850000C00220F8232030F8232022F4E04222F099
:1085100070021204120C42F4404242F0800220F831
:10852000232030F8232022F4E04222F040021204FB
:10853000120C48F280010A4320F8232030F823204F
:1085400022F4804222F07002B3E74B780A788BB1B4
:1085500030F8223023F4E04323F040031B041B0CCB
:1085600083F0100343F4004343F0800320F82230EB
:108570000020704730F8223023F4804323F070034A
:108580001B041B0C83F48053ECE74B780A781BB375
:1085900030F8223059060DD530F8223023F4E0436C
:1085A00023F070031B041B0C43F4004343F0C0038F
:1085B00020F8223030F8223023F4E04323F0400347
:1085C0001B041B0C83F0300343F4004343F080038F
:1085D00020F822300020704730F822305B040DD59F
:1085E00030F8223023F4E04323F070031B041B0C0B
:1085F00043F4404343F0800320F8223030F8223027
:1086000023F4804323F070031B041B0C83F44053BA
:10861000DAE711B98023A0F84C3000207047B0F899
:1086200058306FEA43436FEA53439BB2A0F8583087
:1086300000207047B0F85830C3F30E03A0F858304C
:1086400000207047B0F8440080B2704700207047A7
:1086500002F58062013310445B0801EB4303401ACA
:10866000994200D170470A880A520231F8E70000A7
:10867000F8B5044648788B690A690F7B01280D46D6
:1086800061D193428ABF991A00211346A9619EB213
:10869000696907BBEA8833462046FFF7D9FF2A7885
:1086A000B4F85030D20012FA83F32344A3F80264E2
:1086B0002A7834F8223023F4E04323F040031B04EB
:1086C0001B0C83F0300343F4004343F0800324F891
:1086D00022300020F8BD2A7834F8223013F0400F01
:1086E000B4F850304FEAC20212FA83F32344204612
:1086F00015BFA3F80664A3F802646A892A89334681
:10870000FFF7A6FF6B782A7873B934F8223023F488
:10871000E04323F070031B041B0C43F4004343F0BD
:10872000C00324F82230C3E7012BC1D134F8223032
:1087300023F4E04323F070031B041B0C43F4404379
:1087400043F08003EDE793428CBF991A0021A961A1
:1087500088BF134629785FBBB4F8502004F2064066
:1087600010FA82F253B932F8313023F440639B049B
:108770009B0C6FEA43436FEA53430BE03D2B05D854
:1087800003F0010000EB53039B0203E05809204B68
:1087900043EA802322F831302A7834F8223023F457
:1087A000804323F070031B041B0C83F440538AE7BF
:1087B0000028F1D1B4F8500004F2024212FA80F01D
:1087C000C3B930F8312022F440629204920C42F492
:1087D000004220F83120B4F8502004F2064010FA8C
:1087E00082F2002BBFD03D2BCAD909485B0940EA71
:1087F0008323CFE73D2B95BF03F00102044A02EB30
:1088000053025E0994BF920242EA862292B2E0E7E6
:108810000080FFFF02F58062F0B510445D080A4653
:108820002E46471ABC18023236B9DB0744BF30F86F
:10883000153001F81530F0BD248802F8024C240AE6
:1088400002F8014C013EEDE74FF47A73B0FBF3F010
:108850004FF0E0230022013858619A6105221A6125
:1088600070470000014B1860704700BF5C000010AB
:1088700003685B0670B527D4D1E900363343CE6870
:108880004D6904680A6A33430E6933438E692B438A
:108890003343CE6924F47F44334324F0BF041343AD
:1088A0002343036044688B6824F4706443EA1543EF
:1088B00024F004042343B2F5005F436001D001209B
:1088C00070BD8B8C0361FAE70020F9E730B50246F2
:1088D000D0E90003117A002900F0878018B3517A9B
:1088E00001293DD0022944D0002946D101F180411F
:1088F00001F582314C6824EA00044C600C680443A2
:108900000C600024917A69B1022938D003293FD044
:10891000012941D13E49CD6825EA0005CD608D6829
:1089200005438D602046D3B1517A012937D0022901
:108930003ED0002940D101F1804101F582314C6ADD
:1089400024EA03044C620C6A1C430C62927A32B132
:10895000022A3DD0032A44D0012A30D0002030BD65
:108960002B490C6824EA00040C604C6804434C60FA
:10897000C7E727490C680443F6E70124C2E7244906
:108980008D6825EA00058D60CD680543CD60C9E797
:108990001F498D680543F6E744F00200C3E71C4910
:1089A0000C6A24EA03040C624C6A1C434C62CDE757
:1089B00017490C6A1C43F6E740F00400C6E7144A66
:1089C000D16A21EA0301D162916A0B439362C6E73F
:1089D0000F4A916A21EA03019162D16A0B43D36283
:1089E000BDE70B4A916A1943F6E7094A116821EA83
:1089F00000011160516821EA00015160116A21EA09
:108A000003011162516A21EA03035362A6E700BF22
:108A100000040140D0F8943210B56BB1D0F8904208
:108A200094F84000FF2807D09B6894F84120214625
:108A30009847FF2384F84030002010BD38B5044625
:108A4000D0F8905200F0C5FAD4F89032E86443B1FF
:108A5000D4F89432686CDB6805F14C01984700202B
:108A600038BD0220FCE770B5D0F89062BEB1142486
:108A700004FB0104E3697BB1D0F8982202EB4112B8
:108A8000926BB3FBF2F502FB15332BB9E3611A4687
:108A900000F091FA002070BD00237365FAE7022010
:108AA000F9E70000F7B50F78D0F8906200238DF851
:108AB0000530ADF8063017F0600304460D4622D0AD
:108AC000202B53D1CA884B78BAB139060BD5D0F8D0
:108AD000941218468F683146B847EA8831462046D6
:108AE00000F0A7FB06E086F8403086F841203146CA
:108AF00000F0B4FB002003B0F0BDD0F8940284680D
:108B00001846A047F6E74B780B2B2FD801A252F856
:108B100023F000BF458B00086D8B00086D8B0008AB
:108B20006D8B00086D8B00086D8B0008F58A0008BE
:108B30006D8B00086D8B00086D8B0008558B00084D
:108B4000658B000890F87432032B0FD102220DF1CF
:108B50000601C4E790F87432032B07D101220DF10E
:108B60000501BCE790F87432032BC3D02046294698
:108B700000F0A5FD0220BEE738B50446002582219D
:108B800000F0EDF902212564204600F0E8F9C4F870
:108B90006C518321204600F0E2F9D4F890326565EB
:108BA0002BB1D4F894325B689847C4F890520020F7
:108BB00038BD000070B5402304460222822100F037
:108BC000C4F901250222256411464023204600F005
:108BD000BCF9C4F86C51032283210823204600F01D
:108BE000B4F9D4F894326565074D1B68C4F8905207
:108BF000984700266A6C6E65402302212046AE65C8
:108C000000F0E0F9304670BD24280020F8B50A4F86
:108C100004460D46002657F8043B23B90136032EBF
:108C2000F9D10020F8BD1B68294620469847002846
:108C3000F4D00220F6E700BF00290020F8B50A4F63
:108C400004460D46002657F8043B23B90136032E8F
:108C5000F9D10020F8BD5B682946204698470028D6
:108C6000F4D00220F6E700BF002900200B792DE99F
:108C7000F04106460D4653B9154B1B682C7814F08D
:108C8000600406D0202C0AD00020BDE8F08100232B
:108C9000F4E76A78062A05D00A3A012AF4D883B99B
:108CA0000220F2E70A4F57F8043B1BB90134032CAA
:108CB000F9D1E9E79B682946304698470028F5D066
:108CC000EEE7294630469B68BDE8F041184700BFF3
:108CD00000290020054B53F82120054B53F8223082
:108CE0000BB15B6918470220704700BFC028002005
:108CF00000290020054B53F82120054B53F8223062
:108D00000BB19B6918470220704700BF80280020E4
:108D10000029002070B50A4E0446002556F8043B91
:108D200023B90135032DF9D1002070BD1B69002B3B
:108D3000F7D0204698470028F3D00220F5E700BF7F
:108D4000002900202923038000487047DC00001020
:108D50000A230380004870479800001029230380ED
:108D600000487047DC00001029230380004870474A
:108D7000DC000010034B0022C3E900229A6043F894
:108D8000040C704704290020154A936D43F080635A
:108D900093658369012B01BFA2F58632136843F402
:108DA000802313600F4BDB68C3F30223C3F1070179
:108DB0001A1D042928BF0421062A88BFDA1E4FF095
:108DC000FF3303FA01F398BF0022DB4393401B01FA
:108DD000054ADBB282F8433308239360704700BF33
:108DE0000010024000ED00E000E100E000F58661C7
:108DF000D0F8700400F028B900EB411310B5D3F897
:108E00003C22D0F870040C4600F04BF9012C04D140
:108E10002046BDE8104000F0ABBD10BD00EB411393
:108E2000D0F87004DA6B00F072B9D0F8700400F07A
:108E3000F4B910B504460121D0F8700400F0EAF945
:108E4000D4F87004BDE8104000F0BDB97047704719
:108E5000364A536843F4806310B553600446344A7D
:108E600034480823C0E90023C0F8704400230222DC
:108E7000C4F89802C0E90223C0E90423C0E906331C
:108E80000362FEF7D5FA18B12B48FE21FDF796FADA
:108E900000221146D4F898021823FEF78BFED4F86E
:108EA0009802582300228021FEF784FED4F898020D
:108EB000982300220121FEF77DFED4F89802D823E2
:108EC00000228121FEF776FED4F898024FF48C73CD
:108ED00000220421FEF76EFED4F898024FF4AC7322
:108EE00000228621FEF766FED4F898024FF4CC7378
:108EF00000228521FEF75EFED4F898024FF4EC7351
:108F000000228321FEF756FED4F898024FF4067330
:108F100000220221FEF74EFED4F898024FF4167399
:108F200000228221FEF746FE002010BD00700040A6
:108F300000680040102900204924010808B5D0F835
:108F40009802FEF7E7FA002008BD10B51446D0F8E5
:108F500098021A462346FEF706FB002010BD08B50E
:108F6000D0F89802FEF732FB002008BD08B5D0F813
:108F70009802FEF7B9FD002008BD08B5D0F89802A8
:108F8000FEF7E6FD002008BD0A06D0F8983245BF7E
:108F900001F07F0103EB411303EB411393F82A0027
:108FA00058BF93F82A02704708B5D0F89802FEF728
:108FB000C6FA002008BD08B5D0F89802FEF74DFBB0
:108FC000002008BD08B5D0F89802FEF72AFB002063
:108FD00008BD08B5D0F89802FEF738FB08BD08B503
:108FE00080B1D0F88C3213B10023C0F88C3209B1B3
:108FF000C0F88812012380F874320270FFF728FF4E
:10900000002008BD0220FCE719B1C0F88C12002036
:1090100070470220704708B5FFF790FF002008BD99
:1090200008B5D0F88C3233B11B689847003818BFA8
:109030000120400008BD0220FCE708B5D0F88C32C2
:109040005B689847002008BD38B5044600F52075D8
:10905000284600F029FB012394F88012C4F86C32F2
:10906000B4F88632C4F8703201F01F03012B08D027
:10907000022B0BD07BB92946204600F025F90020B1
:1090800038BD2946204600F061FAF8E72946204617
:1090900000F080FAF3E701F080012046FFF766FF59
:1090A000EDE770B50446164629BBD0F86C32032BA9
:1090B0001CD1D0E953539D420BD9ED1AAB4228BFC6
:1090C0002B46C0F84C519AB2314600F0D4F800203B
:1090D00070BDD0F88C321B6923B190F87422032A3A
:1090E00000D19847204600F0CEF8F0E7052BEED1EE
:1090F000FFF73CFFEBE7D0F88C329B692BB190F87F
:109100007422032A01D19847E1E70220E0E7F8B58D
:10911000044613460F46002949D1D0F86C22022A92
:109120003AD1D0E90856B54211D9AD1B19460562AE
:10913000AAB200F08BF83B461A4619462046FFF7C4
:1091400041FF94F87832012B2DD00020F8BDC3697F
:10915000B3FBF6F506FB153565B99E420AD8D0F883
:109160007022934206D22A4600F070F8C4F870527A
:109170002B46E1E7D4F88C32DB682BB194F87422EB
:10918000032A01D12046984780212046FFF7EEFEB2
:10919000204600F083F8D4E732F00403D1D18021D7
:1091A000FFF7E4FECDE7002384F87832CDE7D0F86E
:1091B0008C325B692BB190F87422032A01D1984755
:1091C000C3E70220C2E770B500220446114601251C
:1091D00040264023FFF7B9FE33468021C4F84451AE
:1091E000C4F8506100222046FFF7AFFED4F8903259
:1091F000A5610021666284F87452C4F86C12616043
:10920000C4F87C1223B1D4F88C3220465B689847AE
:10921000002070BD01740020704708B590F87422DA
:10922000032A04D1D0F88C32DB6903B198470020BF
:1092300008BD10B513460222C0E90733C0F86C22FE
:109240000A460021FFF7B7FE002010BD08B51346FF
:109250000A460021FFF7AFFE002008BD10B51346F7
:109260000322C0E95233C0F86C220A460021FFF7FE
:10927000A9FE002010BD08B513460A460021FFF7DD
:10928000A1FE002008BD08B50423C0F86C320023FD
:109290001A461946FFF78FFE002008BD08B50523C2
:1092A000C0F86C3200231A461946FFF78BFE0020E7
:1092B00008BD10B580210446FFF758FE2046002166
:1092C000BDE81040FFF752BE37B50B7803F06003DE
:1092D000202B04460D4606D0402B04D063B1204617
:1092E000FFF7E7FF05E0D4F88C3229469B6820465B
:1092F0009847002003B030BD4B78092BEFD801A26E
:1093000052F823F0F99400082F950008DF92000826
:1093100021950008DF9200081F9400082D93000893
:10932000DF920008C9940008619400084B881A0A6B
:10933000013A062AD3D801A151F822F05993000826
:109340007D93000897930008DF920008DF920008E1
:10935000D7930008EB930008D0F888321B68207C74
:109360000DF106019847BDF80620002A52D0EB887F
:10937000002B46D12046FFF786FFBAE7027CD0F8E3
:109380008C3232B99B6A0DF1060098470223437074
:10939000E9E7DB6AF7E7DBB2052BA0D8DFE803F0EB
:1093A00003070B0F1317D0F888325B68D7E7D0F8A4
:1093B00088329B68D3E7D0F88832DB68CFE7D0F8F3
:1093C00088321B69CBE7D0F888325B69C7E7D0F8F1
:1093D00088329B69C3E7037C002B80D1D0F88C32A4
:1093E0000DF106005B6B9847BDE7037C002B7FF413
:1093F00076AFD0F88C320DF106001B6B984707232F
:10940000C5E79A4228BF1A4601462046ADF8062015
:10941000FFF70FFFEB88002B7FF46BAFAAE78B8879
:10942000002B7FF45CAFCB88002B7FF458AF4D88C6
:109430007F2D3FF654AF90F87432032B3FF44FAFBB
:10944000EDB280F876522946FFF7AEFD2046FFF7D1
:109450001AFF1DB1022384F874324AE70123FAE7A8
:109460008978394D012929703FF639AF90F8743267
:10947000022B08D0032B15D0FFF71BFF29782046BD
:10948000FFF7DBFD35E700293FF474AF012103232B
:10949000416080F874322046FFF7C2FD02287FF455
:1094A00069AF1CE731B9022380F874324160FFF7DD
:1094B000C4FD5FE7416801293FF45CAFC9B2FFF723
:1094C000BCFD29786160E6E7CA88012A7FF407AF0E
:1094D00090F87432022B0AD8002B3FF400AF0146FB
:1094E000002341F8083F2046FFF7A3FE01E7032BC6
:1094F0007FF4F5AE011DF6E790F87432013B022BC4
:109500003FF6EDAECA88022A7FF4E9AED0F87C328D
:10951000003B18BF012301465B0041F80C3FE2E726
:109520004B88012B7FF4E5AEC4F87C3222E790F83B
:109530007432013B022B3FF6D2AE4B88012B7FF4F5
:10954000D8AE0023F0E700BF842D002038B50B789B
:1095500003F060025B0604460D4601D5402A15D192
:1095600094F87432013B022B10D82B79012B0DD8C3
:10957000D4F88C3229469B6820469847EB881BB963
:1095800010B92046FFF77FFE002038BD2046FFF7C8
:1095900090FEF9E738B50A7802F06002202A044606
:1095A0000B4606D0402A04D05AB12046FFF781FE70
:1095B00005E0D4F88C221946926820469047002096
:1095C00038BD5A788D880979012A35D0032A21D0EF
:1095D000002AEAD190F87432022B44D0032BE4D154
:1095E00001F00F03142215F0800F02FB030349D092
:1095F0009B69002BD9D001F07F03142503FB05558F
:109600008029054449D02046FFF7BEFC002849D0F8
:10961000012343E090F87422022A1BD0032AC4D10C
:109620005A882AB94A0603D0DB880BB9FFF79EFC9B
:109630002046FFF728FEC2E790F87422022A09D0DC
:10964000032AB2D15B88002BB9D14D06F0D0FFF7C9
:1096500094FCEDE74B06A8D0FFF788FC802120465C
:10966000FFF784FCABE74A069FD12B064CBF00F105
:10967000140100F5A07100230B6002222046FFF7C1
:10968000D8FD9CE7D3F84431002B8ED0142505FB80
:10969000010505F5A0750029B5D100232B60022234
:1096A0002946EBE72860FAE70B7803704B784370A4
:1096B0004B8843808B888380CB88C380704710B5EC
:1096C00080210446FFF752FC20460021BDE81040EF
:1096D000FFF74CBC70B50D461E46044680B1042A07
:1096E0000ED908F058F8C2B201325200032332807A
:1096F000013C6B702A700223002014F8011F01B98D
:1097000070BD5A1CD2B2E9540233A854DBB2F4E75C
:10971000122301480B807047AC2F01080423014835
:109720000B807047A82F010808B504480B4630226B
:109730000349FFF7CFFF024808BD00BF5E240108C0
:10974000852D002008B504480B4630220349FFF759
:10975000C1FF024808BD00BF63240108852D002019
:1097600070B5284A8CB00B4607AC02F110061068A1
:109770005168254603C50832B2422C46F7D112780B
:109780002A700020204A8DF8180092F89B108DF85E
:10979000041092F89A1092F8924021448DF8051026
:1097A00092F899108DF8061092F8981092F890405F
:1097B00021448DF8071092F897108DF8081092F850
:1097C00096208DF8092001A903AC024611F8010B7F
:1097D0000CAD05EB101500F00F003030684401327D
:1097E00015F8145C10F8140C2570062A607004F14A
:1097F0000204EBD103A805493022FFF76BFF0348B1
:109800000CB070BD6C2401080075FF1F852D002071
:10981000292303800048704760010010D0F890327F
:1098200000201873704700000A2303800048704727
:109830004801001037B500220C78ADF80620CA8820
:10984000D0F8903202F07F0214F06004CA801DD07C
:10985000202C2ED14A78023A092A2AD8DFE802F0D1
:10986000130A2929292929290F058A781A60002035
:1098700003B030BD01221946FFF7DBFCF7E74A8849
:10988000120A5A60F3E70122191DF5E74C780B2CF8
:109890000FD8DFE804F0060E0E0E0E0E120E0E0E9E
:1098A000222A90F87432032B03D102220DF1060113
:1098B000E2E7FFF704FF0220DAE74B881B0A222BBE
:1098C00004D1222A0C4928BF2222D5E7212BF0D12E
:1098D000092A0A4928BF0922CEE790F87422032AF0
:1098E000E7D1012203F10801C6E790F87422032AA8
:1098F000DFD18A789A60BAE7240100105401001081
:1099000010B581210446FFF72AFB01212046FFF70D
:1099100026FB0020E062C4F8580110BD10B54023BA
:10992000044603228121FFF710FB4023032201217B
:109930002046FFF70AFB0121074BE162C4F85811EA
:10994000C4F8903200241C73044A05484023FFF7F2
:1099500039FB204610BD00BFB52D0020C52D0020CD
:1099600000000020D0F890320020187370470000EB
:1099700010B50848FCF724FD40220021054807F0F7
:1099800026FEBDE81040034A034840230121FFF7AB
:1099900019BB00BFC52D002000000020002070472B
:1099A000D0F89032002058657047002070470000C2
:1099B00037B50D78D0F8904200228DF80520ADF82B
:1099C000062015F06002034614D0202A45D1CA882B
:1099D0006AB12B0603D52146FFF72BFC07E04B7835
:1099E00084F8403084F841202146FFF737FC0020FE
:1099F00003B030BD4A780B2A2FD801A050F822F0CE
:109A0000319A00085B9A00085B9A00085B9A00088C
:109A10005B9A00085B9A0008EF9900085B9A0008BF
:109A20005B9A00085B9A0008439A0008539A000862
:109A300093F87422032A10D102220DF10601184670
:109A4000CAE793F87422032A07D101220DF1050118
:109A5000F5E793F87422032AC9D01846FFF72FFEC2
:109A60000220C5E738B5044600258621FFF777FABE
:109A70000421C4F890502046FFF771FAC4F89451BD
:109A800085212046FFF76BFAD4F89032E5670BB1D9
:109A9000C4F89052002038BD38B502220446402355
:109AA0008621FFF752FA0125402302220421204695
:109AB000FFF74BFAC4F89050C4F8945140230322A6
:109AC00085212046FFF741FA074BE567C4F890323D
:109AD00000245C65054A9C65042140230448FFF787
:109AE00071FA204638BD00BF082E0020642E0020E9
:109AF00000000020014B1878704700BFFC010010E7
:109B0000054B1878052804D0A0F1090358425841A4
:109B100070470120704700BFBD2E0020014B187810
:109B2000704700BFBD2E0020064B1B780A2B9FBF3D
:109B300040F20F50D84000F0010080F0010088BFD3
:109B400001207047BD2E00200528034B14BF0A22B8
:109B500009221A70704700BFBD2E0020034B1878F1
:109B6000A0F10A0358425841704700BFBD2E0020A3
:109B7000014B1860704700BF00020010024B6FF0ED
:109B80007F421A60704700BF0002001008B5FCF762
:109B900001F8024B01221A7008BD00BFA92E002057
:109BA00008B5044B1868FBF7F5FF034B01221A7048
:109BB00008BD00BF00020010A92E002008B500203B
:109BC000FBF7E8FF014B00221A7008BDA92E002008
:109BD000014B01221A707047B02E0020034B1878F9
:109BE000012894BF00200120704700BFB02E002044
:109BF000F8B5114C114E2378114F124D398018448D
:109C00004FF4C3733380104B20701B78022B08D89D
:109C10002378012B01D1FFF7C3FFFBF7E3FF286097
:109C2000F8BDFBF7DFFF2B683288C01A3B889B1A10
:109C30009BB29842ECD3EEE7B02E0020B22E00206B
:109C4000B42E0020B82E0020BD2E0020014B18702D
:109C5000704700BFA82E0020F8B5394C23780A2B96
:109C600025D8DFE803F0060624242412241A24153C
:109C70000C006FF07F40BDE8F840FFF787BF314B25
:109C800001221A704FF47F40F5E72F4B1B7873B910
:109C90002C4B01221A70FF20EDE72B4B1B7833B9B8
:109CA000284B01224FF47F001A70FFF76FFF2378D3
:109CB000244D012B2A7802D8012A02D0F8BD002AAF
:109CC0003AD0FFF731FF18BB4FF443714FF4C37321
:109CD0001E4E1F4F33801F4B1F4C1B783980012BAA
:109CE00001D0012A18D1FBF77DFF2368C01A338801
:109CF0009842E3D3FFF762FF2B78002BDED0FBF70F
:109D000071FF2B782060FF2BD8D0013B2B70D5E75B
:109D10004FF4C371C323DBE7FBF764FF236832888A
:109D2000C01A3B889B1A9BB29842C7D3FFF738FFF3
:109D3000FBF758FF2060C1E7BDE8F840FFF73EBFE2
:109D4000BD2E0020B02E0020A82E0020B22E002014
:109D5000B42E0020A92E0020B82E002008B5FBF755
:109D600041FF044B1B68C01A6423B0FBF3F0C0B280
:109D700008BD00BFA42E002008B5FBF733FF044B3D
:109D80001B68C01A6423B0FBF3F0C0B208BD00BF6B
:109D9000C42E002038B51C4C20B3FBF723FF2060F5
:109DA000FFF70CFFFBF71EFF4FF090454FF4004309
:109DB0000446AB620620FBF7B5FFFBF713FF001B61
:109DC000B0F5FA6F02D82B69DB07F3D54FF090435B
:109DD0004FF400429A610D4B1A78012A04BF032206
:109DE0001A700FE0094D2B78012BD6D0FBF7FAFE45
:109DF0002368C01A44F61F63984203D92B78013BAD
:109E0000022BCAD938BD00BFA42E0020BD2E0020D1
:109E10000020FFF7BFBF000038B5424C23783BB1AC
:109E2000FBF7E0FE42F21073984284BF00232370D8
:109E30003D4C2378C3B93D4D2B6843B9FBF7D2FEA7
:109E40004FF090434FF4004228609A6138BDFBF711
:109E5000C9FE2B68C01AB0F5FA7FF7D90223237028
:109E6000BDE83840FFF7D4BF012BF7D0FBF7BAFEAF
:109E70004FF090432E4A1B6913F0010F49D172B67F
:109E8000136803B1C31A62B62178033907290DD8C4
:109E9000DFE801F00413191F250C2A38042323706E
:109EA00072B6244B106000221A6062B6224B2278F0
:109EB0001978914218BF1A70C8E7B3F57A7FF5D3C5
:109EC00005232370F2E740F6B7329342EED906231A
:109ED000F7E741F287329342E8D90723F1E7B3F578
:109EE000FA5FE3D30823ECE7124D2B6803B928602F
:109EF000FBF778FE2B68C01A42F20F739842D5D94F
:109F00000A23DEE70B4B1A68002ACFD000221A6022
:109F1000CCE7032323701368002BC7D00023136002
:109F2000C4E700BFFC010010BD2E0020AC2E0020B5
:109F3000C42E0020C02E0020BC2E002070B52A4C5C
:109F40002378054683B9FBF74DFEB0F5FA6F0BD2C7
:109F5000052D09D101234FF47F402370FBF71AFE32
:109F6000FFF736FE002070BDFFF7CAFD08B1052DD2
:109F7000F8D0FFF7F3FD044620B11420FBF7D2FE22
:109F80000120F0E7FFF7CAFD0128F6D9FFF726FE0A
:109F900020B94FF443713220FFF72AFEFBF722FE6F
:109FA0000646FFF7BBFD854210D0FFF755FEFFF7D1
:109FB00033FFFBF717FE801B642803D80A20FBF74A
:109FC000B1FEEEE7FFF7B0FD0028F7D1FFF7A6FDE1
:109FD000854204D1FFF7B8FDFFF7FAFD012484F0B4
:109FE000010040B2BFE700BFC82E00200520FFF7E8
:109FF000A5BF0720FFF7A2BFF0B5037823F0100339
:10A0000013704378537083789370C378D3700429A6
:10A010004FF00003137153719371D3711372537224
:10A020009372D372137353739373D37308D1012351
:10A03000D373D37B002B40F0838046F6851029E054
:10A040000529037908D10221D17313B1C2F80A306E
:10A05000EFE70123D372ECE75C1D8C4204BF0324BD
:10A06000D47303F1060408BF93808C4213D1002BF4
:10A070006FD00424D4734418938014F8014C002C3E
:10A0800008BF4FF48074C2F80A4005399942D0D213
:10A090004FF4CE40F0BD06295BD9002BF5D1B0F8C6
:10A0A00005506DBAACB2CE1FA642F1D3072911D12B
:10A0B0001226D6730126967314B1C2F80A40B8E787
:10A0C0009372D372167353731323D3730123937351
:10A0D000958002E0E31D8B42F6D004F109038B4228
:10A0E00013D11423D373012643189673958013F864
:10A0F000027C13F8013C13EB072311BFC2F80A30AE
:10A100009372D372167308BF53730A348C4290D182
:10A11000014411F8033C002B8BD124230124D37379
:10A120009473958011F8025C11F8013C13EB052340
:10A1300011BFC2F80A309372D372147308BF5373FD
:10A14000938823B1937B3BB10730C2F8060000200F
:10A15000A0E7062999D06CE70530F6E770B50D4603
:10A1600088B000210646144608466A4604F0ACFA58
:10A17000202106F1100004F099FA2846202104F06D
:10A1800095FA00216A46084604F0CEFA04AD6B4603
:10A1900022461C4603CCAC4210605160234602F1BB
:10A1A0000802F6D108B070BD0B4B70B51E6806F5FD
:10A1B00080550C466B882A885918914209DC224642
:10A1C0000146F01807F0EAF96B881C446C80002007
:10A1D00070BD0120FCE700BFCC2E0020014B1868A9
:10A1E00002F030BDCC2E002070B504460E46103073
:10A1F00020211546FCF758F8224631462046FFF745
:10A20000ADFF204605F120032A46302104F082FBF1
:10A21000002070BD70B5ADF59C6D4FF480630446B1
:10A22000ADF80430FCF716F9B0F5806F05465AD842
:10A230004FF4FA70FCF70EF8002856D004F120060F
:10A2400016AA31460AA8FFF7CFFF04F013FA01213E
:10A2500001A804F02BFA3046202104F027FA20212F
:10A26000204604F023FA30210AA804F01FFA012145
:10A270000DF1050004F01AFA402116A804F016FAB0
:10A2800002A804F01BFA04F099FA2246202102A841
:10A2900004F0A2FA0523022101A88DF80430FFF78B
:10A2A00083FF402116A8FFF77FFF3026012101A878
:10A2B0008DF80460FFF778FF31460AA8FFF774FFB6
:10A2C00038A8FCF7CDF8294638A8FFF76DFF26A976
:10A2D000204601F0A3FB81B226A8FFF765FF0448E2
:10A2E0000DF59C6D70BD0348FAE746F68510F7E75B
:10A2F0000090FFFF1092FFFF30B5462985B004465D
:10A30000154617D120222946223007F037F9C0B967
:10A31000D4F842206B4604F11001284601F01AFBE4
:10A3200010226946204607F029F9B0FA80F040096A
:10A3300005B030BD302904D16A462946FFF70EFF2B
:10A34000EEE70020F4E7000007B5084B186899888D
:10A3500000909B79ADF80410684606218DF8063010
:10A36000FFF722FF024803B000BD00BF3D240108F3
:10A370000090FFFF2DE9F04106469CB018461C46B0
:10A38000DFF890810D46174602F05CFC3378C8F880
:10A390000040002B40F0B5803A462946304604F094
:10A3A0006FFC84B2B4F5104F29D046F685139C4259
:10A3B0000AD07378032B00F09D801CD8012B21D08C
:10A3C000022B26D04FF4DA440020FBF795FCB4F5BD
:10A3D000104F40F09880230A01210AA88DF82830F8
:10A3E000FFF7E2FE01210AA88DF82840FFF7DCFE06
:10A3F0001CB0BDE8F081C02B01D0FF2BE2D14FF49F
:10A400001044E1E7402F79D12846FFF703FF84B2DB
:10A41000DAE7B4780123072C8DF807300DD195F8D1
:10A42000401005F1200205F14100FFF765FF00280B
:10A430005DD14FF4D544A4B2C6E7032C01D0082C5B
:10A44000F7D105F1410705F1200695F84010324695
:10A450003846FFF751FF0028EBD0002395F8401055
:10A460001A46384604F044FA082C36D100238DF8F9
:10A4700007300020FBF7F8FD04BA029404F0FAF864
:10A480002021304604F012F901210DF1070004F0FB
:10A490000DF9042102A804F009F92021284604F04E
:10A4A00005F902A804F00AF92A46202102A804F0BE
:10A4B00093F901210DF10700FFF776FE042102A8B0
:10A4C0000294FFF771FE0AA9284601F0A7FA81B2AB
:10A4D0000AA8FFF769FE0E4CADE79DF80730002B88
:10A4E000C7D04FF4FA70FBF7B5FE0028C1D146F68D
:10A4F0008514A0E717B9FFF727FF80E74FF4CE4494
:10A5000062E74FF4DC44D8F8000002F09BFB62E7FE
:10A510000090FFFFCC2E0020F8B50D4616461F46D2
:10A52000044668B10120FBF749FB20463B46324612
:10A530002946FFF71FFFBDE8F8400020FBF73EBBB0
:10A54000F8BD30B4027985790B464179120442EAAC
:10A5500001222A43C11D30BCFFF70CBF064A00236D
:10A5600052F82310814204D00633362BF8D1002054
:10A5700070470120704700BF004D0020044A0023AF
:10A580001380044A1360044A1360044A136070473E
:10A59000342F0020302F00202C2F00203C2F0020B3
:10A5A000044B188828B1044B1B68984214BF012043
:10A5B00002207047342F0020302F00200C4A38B57D
:10A5C00011460023147C5CB918225343CD18C8509F
:10A5D00001232B74FBF706FBC5E90204204638BDB6
:10A5E0000133092B02F11802ECD14FF0FF30F6E7EE
:10A5F000004D00200C4A38B50023182505FB03F157
:10A600008C185158814208D1FBF7ECFA0023012243
:10A61000C4E902032274184638BD0133092BEDD179
:10A620004FF0FF30F8E700BF004D00202DE9F04764
:10A63000044617460E46002948D1C06800280CD0B1
:10A640003BDD1534C0F140020021204406F0BFFF7D
:10A650002046BDE8F047FBF7AFBC23696BBB6368DE
:10A66000C4F8153023786376238907205BBA6383A7
:10A67000E060E6E7D4E9032362B96268C4F8152014
:10A68000C4F80C80DBB9227862762289C4F80CA069
:10A6900052BA6283E1684A1CE2602144705D4875E9
:10A6A0000133402A236105D104F11500FBF784FC36
:10A6B0000023E3600135BD42DCDBBDE8F087227D8D
:10A6C0006276511C2175C4F80C90E3E700254FF029
:10A6D00004084FF005094FF0070AECE710B598B0F1
:10A6E00004468DF807105822002102A806F06FFFDB
:10A6F000BF2301220DF1070102A88DF80830ADF843
:10A7000010200394FFF792FF0022114602A8FFF7E2
:10A710008DFF18B010BD0000084A30B50023182482
:10A7200004FB03F18D185158814202D100232B7490
:10A7300030BD0133092BF3D1FAE700BF004D0020F3
:10A74000FFF71CBF2DE9F0410025134CDFF84C80CA
:10A750002E4640F2EE27237CB3B1FBF743FAD4E94F
:10A760000223801A63EB4303B84273F100030BD357
:10A7700020680521FFF7B2FF2268D8F80030267460
:10A780009A4201D1FFF7FAFE06353C2D04F1180478
:10A79000E1D1BDE8F08100BF004D00203C2F00203A
:10A7A00000B599B058228DF80700002102A806F0E4
:10A7B0000EFF0A4B1B6803930122BB230DF1070117
:10A7C00002A88DF80830ADF81020FFF72FFF002207
:10A7D000114602A8FFF72AFF19B000BD3C2F002048
:10A7E000F8B5144608460D4602F02CFA2378E02B03
:10A7F00036D007D8D12B1AD0D32B23D0992B5AD0AF
:10A800000020F8BDE12B44D0F12BF9D128462B4D87
:10A8100002F018FA2A78002A08BF082222810021B3
:10A82000284606F0D4FE2846FBF7B6FC26E042F2A6
:10A830001070FBF727FD0028E2D0FBF79BFD0022FC
:10A84000228121E042F21070FBF71CFD0246002835
:10A85000F6D03220FBF766FAFBF78EFA0120D0E73C
:10A86000164D2A78002A08BF392200212281284665
:10A8700006F0ADFE21892846FBF716FD2289294600
:10A880002046FFF7D3FE002211462046FFF7CEFEFA
:10A89000E4E70A4D04270523002627812B706E70FC
:10A8A000AE70FBF78DFA3A46E87029462046FFF76E
:10A8B000BDFE3246E8E7FBF791FAC0E7402F0020E3
:10A8C0002DE9F04F06790468ADF5805D862E87B0DE
:10A8D00005467BD1B0F80530B3F5006F03D00026F4
:10A8E0000325032750E0002C00F0E980FFF728FF44
:10A8F000D0F80080B8F1FF3F11D1B34A1368D91CDA
:10A90000C3F1000698BF002601331E44304616608E
:10A91000FFF754FE01300FD100260625E1E740463F
:10A92000FFF71CFE20B14046FFF764FE4646F1E704
:10A930004046FFF743FEF9E75822002105A806F03C
:10A9400046FED5F80700D5F80B10CDF81880862301
:10A950008DF814306B4603C302231122039369461A
:10A96000052305A8ADF81C208DF810300296FFF7DE
:10A970005DFE002205A81146FFF758FE3046FFF79E
:10A98000CBFE002635460427DFF8588258220021E6
:10A99000404606F01CFE042FC8F8044088F800501A
:10A9A0000DD0032F40F08E802046FFF7B5FE042D1A
:10A9B00001D1FFF7E3FD29462046FFF78FFE002572
:10A9C00028460DF5805D07B0BDE8F08F621C76D09B
:10A9D0002046FFF7C3FD38B9330605D5FFF7E0FD84
:10A9E00010B92046FFF7EAFD2E683046FFF7B6FDA6
:10A9F000297995F90420002855D0FFF7D1FD0128C9
:10AA000008D1724B1B689E424DD1002A29DA0026DC
:10AA1000042566E7002A22DAB5F805305BBA9AB257
:10AA200041F6B95082423FF65AAF69480380694BFC
:10AA300069481960654B392A1E60684B28BF392266
:10AA40001A60674B4FF0FF311960E91D06F0A6FD53
:10AA50002868FFF7CFFD50B3012006F0E3FA002885
:10AA60008FD05A4B1B689E428BD1594B5C4AB3F82E
:10AA700000801368594F01338B423E681360C6D182
:10AA80005548A8EB06023B2A304405F1050104DCD9
:10AA900006F084FDC7F80080DAE73B223B3606F07B
:10AAA0007DFD3E60D4E7002ABFF66BAF34E7484B2C
:10AAB0001E88484B1D78FFF773FD074664E70026A4
:10AAC0000B250EE7012F02D1FBF78CF877E7A5F1F4
:10AAD0008103102B00F2AF8001A252F823F000BFD7
:10AAE00025AB000837AC0008EDAB000837AC000818
:10AAF00037AC000859AA000837AC000853AB00086F
:10AB000037AC000837AC000837AC000837AC000899
:10AB100037AC000837AC000837AC000859AB000868
:10AB200043AC00082C492F48A8F808603246FFF7CC
:10AB30007DFD00222B481146FFF778FD2046FFF7E8
:10AB4000EBFDFFF71BFD284B1B78002B7FF437AF85
:10AB500036E7FBF747FAECE70EB903212CE7DFF8FD
:10AB600088A09AF80090B9F1000F01D0062123E7E0
:10AB70004FF0010B06AF05A88AF800B002F062F8AA
:10AB800005AA3146144802F0B7FCB7F8FE3F47F873
:10AB9000180C5B441348A8F808305A4690236946BD
:10ABA00088F80030C8F80440FFF740FDB7F8FE2FE2
:10ABB0000C4805A9FFF73AFD0A484A464946FFF7FF
:10ABC00035FD8AF80090B9E7040200103C2F002000
:10ABD000342F0020382F0020402F0020302F00205D
:10ABE0002C2F0020D42E0020D02E0020002EB4D0F8
:10ABF000184F3E78002EB9D1012305A80DF1180990
:10AC00003B7002F01FF8144805A9FFF79AFCB9F849
:10AC1000FE2F1248A8F80820832305A988F80030E1
:10AC2000C8F80440FFF702FD0C4832463146FFF7F2
:10AC3000FDFC3E7082E7094A05A93046FFF7D0FDCA
:10AC400018B1044B00221A7078E701212046FFF763
:10AC500045FD73E7D02E0020402F0020D42E002089
:10AC6000D1F84320D0F84300101A704710B588B0CF
:10AC700004466A460021012003F026FD04F110007D
:10AC80000E2103F013FD6A460021012003F04CFD64
:10AC9000D4F81E00009B584008B010BD70B588B0B5
:10ACA00004460D4616460C486A46102103F00CFD7A
:10ACB0003146284603F0FAFC6A460748102103F0A3
:10ACC00033FD10226946204606F058FC002814BFC8
:10ACD0003320002008B070BDC46D0020F8B52022DC
:10ACE00006460D462230223106F048FC044680B963
:10ACF00096F8867005F146013A4606F1460006F0E0
:10AD00003DFC20B995F88640E31B5C425C4120463F
:10AD1000F8BD0024FBE738B5054608460C4606F0AA
:10AD20003AFD214602462846BDE8384005F05EBDA2
:10AD300001482021FBF7B8BA646D00202DE9F041ED
:10AD4000002407460D462646FBF7BDFAA04204D86C
:10AD50004FF0FF384046BDE8F08129462046FBF71A
:10AD6000B4FAD5F84230013B0333A04602D8BE42C4
:10AD7000F0D001360134E7E7F0B5431CF1B00446EA
:10AD80000BD109AC21460020FBF79FFADDF86630B5
:10AD9000013B03334FF000041ED909AE0DF16607E5
:10ADA000FBF791FA0134A04227D931462046FBF740
:10ADB0008CFA01AD0DF14603186859682A4603C2A2
:10ADC0000833BB421546F7D1D6F84230013B033376
:10ADD000E6D80025A54202DB204671B0F0BD314621
:10ADE0002846FBF772FA202201A90DF1460006F071
:10ADF000C5FB0028D4D00135ECE74FF0FF34EBE77A
:10AE000070B50546F0B00C46E1B10FCC01AD0FC5F1
:10AE100094E80F0085E80F004FF0FF35FBF753FA79
:10AE20000135A8421FD909A92846FBF74EFA20226E
:10AE300001A90DF1460006F0A1FB0028EED128463D
:10AE400070B070BD09A9FBF740FA01AC0DF14603E3
:10AE50000DF1660618685968224603C20833B342EA
:10AE60001446F7D1DAE74FF0FF35E8E710B50446AE
:10AE70000020FBF7F9F8034610B9FBF7F5F8034695
:10AE80001A0E84F821201A0C84F822201A0A84F859
:10AE9000232084F82430184610BD00002DE9F04F1F
:10AEA0000578022DC1B004468846164640F0CF8092
:10AEB000451D30AB00F14507286869681A4603C292
:10AEC0000835BD421346F7D108AA844904F1680049
:10AED00003F09EFC03F0CEFB20210DEB010003F0FC
:10AEE000E5FB08A803F0EAFB202110AA0DEB010006
:10AEF00003F0EAFB217930A803F0D8FB20210DEB09
:10AF0000010010AA03F010FC2846102210A906F038
:10AF100035FB0546002840F0DE8018AA01460220D5
:10AF200003F0D2FBD4F8B000462103F0BFFB6C481D
:10AF3000012103F0BBFB18AA2946022003F0F4FB11
:10AF4000294608A803F072FC217930A803F094FC8C
:10AF500020AA202118A803F0B7FB202130A803F075
:10AF6000A5FB20AA202118A803F0DEFB2379402BA3
:10AF70000DD128AA202118A803F0A6FB202138A86B
:10AF800003F094FB28AA202118A803F0CDFB002190
:10AF900008A803F04BFC217920A803F075FC4FF0C2
:10AFA000010A00275546D4F8B430013B022B58D88B
:10AFB0000135EDB24FF0010B32680023414668467F
:10AFC00005F0D8FB2A4604A9684605F023FC454A4B
:10AFD000054640F20221E94602F0F6FB002D5DD164
:10AFE000BAF1000F42D1BBF1000F19D03E4904A8BD
:10AFF000FFF791FE3B4A054640F20F2102F0E4FBC9
:10B00000002D4BD1D4F8B4202B4604A805F0C0FB8A
:10B01000344A044640F2122102F0D6FB002C3DD106
:10B02000002F3DD104A9484605F005FC2D4A0446F1
:10B030004FF4087102F0C8FB002C2FD1D9F8003072
:10B04000A3EB08033360002041B0BDE8F08F012D71
:10B050001DBF0027BA463D462F4608BF4FF0000AE5
:10B06000A1E7002D35D04FF0000BA5E71F4904A83C
:10B07000FFF751FE1B4A054640F2062102F0A4FBF1
:10B0800065B9227920A904A805F09FFB154A054659
:10B0900040F2092102F098FB002DA4D01220D3E742
:10B0A000124904A8FFF737FE0E4A04464FF4067112
:10B0B00002F08AFB002CF1D1152104A805F075FBE4
:10B0C000084A044640F21B2102F07EFB002CA9D066
:10B0D000E4E73560B7E7E020B6E700BF646D002025
:10B0E000906B00207D2401089C2401089024010815
:10B0F00010B5114C1048D022FF2106F068FA8021CB
:10B1000004F14E00FBF7D0F8082384F84830A5235B
:10B1100023800023A4F84A30022384F8CE30FBF7C2
:10B12000C8F8202104F12200FBF7BEF8012802D064
:10B13000012005F077FF10BD946C0020F0B5ADF252
:10B14000244D044608A80D461646FBF789F903224C
:10B150000023204605F01CFB474A074640F24231D7
:10B1600002F032FB1FB112200DF2244DF0BD03227C
:10B170006946204605F04EFB3F4A07464FF45171A1
:10B1800002F022FB002FEED13C496846FFF7C3FDD9
:10B19000394A074640F2473102F016FB002FE2D150
:10B1A0006FF006024FF0FF33684605F0F1FA324ABD
:10B1B000074640F2493102F007FB002FD3D1304956
:10B1C0006846FFF7A8FD2C4A074640F24D3102F0D1
:10B1D000FBFA002FC7D129463246684605F0F5FA3A
:10B1E000254A054640F24F3102F0EEFA002DBAD161
:10B1F00024496846FFF78FFD1F4A054640F2533148
:10B2000002F0E2FA002DAED1012204A9684605F051
:10B21000FEFA194A054640F2553102F0D5FA002DE2
:10B22000A1D1FBF717F908A9024604A805F0CDFA49
:10B23000114A05464FF4567102F0C6FA002D92D11C
:10B2400004A9684605F0F7FA0B4A054640F25A3160
:10B2500002F0BAFA002D86D16946204605F0EBFAD5
:10B26000054A044640F25F3102F0AEFA002C7FF44A
:10B270007AAF204678E700BF7D240108A8240108A2
:10B28000AC240108B02401082DE9FF410E46154603
:10B290006946052204461F4605F0BCFA544A80461A
:10B2A00040F2111102F090FAB8F1000F04D012240C
:10B2B000204604B0BDE8F08101220023684605F075
:10B2C00067FA4B4A80464FF48B7102F07DFAB8F171
:10B2D000000FECD102220023684605F059FA444AD7
:10B2E00080464FF48C7102F06FFAB8F1000FDED196
:10B2F00003220023684605F04BFA3D4A804640F29F
:10B300001D1102F061FAB8F1000FD0D13A46FB17D7
:10B31000684605F03DFA364A074640F21F1102F032
:10B3200053FA002FC3D14FF0FF324FF0FF3368467E
:10B3300005F02EFA2E4A07464FF4927102F044FAB5
:10B34000002FB4D101220023684605F021FA284AD3
:10B3500007464FF4937102F037FA002FA7D16FF030
:10B3600001024FF0FF33684605F012FA204A074603
:10B370004FF4967102F028FA002F98D1314620221E
:10B38000684605F022FA1A4A06464FF4977102F011
:10B390001BFA002E8BD16FF002024FF0FF3368468C
:10B3A00005F0F6F9124A064640F2331102F00CFAA3
:10B3B000002E7FF47CAF29462022684605F005FA6E
:10B3C0000B4A054640F2351102F0FEF9002D7FF4DC
:10B3D0006EAF6946204605F02EFA054A044640F253
:10B3E000391102F0F1F9002C3FF462AF5FE700BFC2
:10B3F0007D24010830B5012A91B004460D4620D1C4
:10B4000007331ED1FAF706FD012801D1FAF7EAF851
:10B4100008AB6A464621284603F07CFAFAF7FAFCA4
:10B42000012802D10020FAF7DDF808AA69466FF07A
:10B4300006032046FFF728FF034A4FF4A97102F0E4
:10B44000C3F911B030BD00BF7D240108F0B585B04F
:10B450000E46144669460222054605F0DBF92B4AE2
:10B46000074640F21A4102F0AFF917B1122005B0B9
:10B47000F0BD27490222684605F0B8F9234A07467D
:10B4800040F21E4102F0A0F9002FEFD1412C38D03C
:10B49000422C38D11F4B93F8952E3146684605F063
:10B4A00094F91A4A044640F2224102F08DF9002C28
:10B4B000DCD119490422684605F098F9134A04467C
:10B4C00040F2274102F080F9002CCFD113490A2223
:10B4D000684605F08BF90D4A044640F22A4102F015
:10B4E00073F9002CC2D16946284605F0A4F9074A31
:10B4F000044640F22F4102F067F9002CB6D12046F5
:10B50000B5E73022C9E74622C7E700BF7D2401081E
:10B51000B4240108FC5D0020B7240108BC24010804
:10B5200038B50C461546FFF7A1FB022803D00328C7
:10B5300006D0002038BD2C430CBF30200020F9E796
:10B54000002C0CBF30200020F4E72022FFF7A6BB20
:10B5500030B595B0044610A8FAF724FF082204A9D4
:10B56000204605F057F9044A05467B2102F02CF9E4
:10B5700025B1122015B030BD7D2401080122002321
:10B5800004A805F0FEF8C34A05467F2102F01CF925
:10B59000002DEED10322694604A805F038F9BD4A12
:10B5A0000546822102F010F9002DE2D1BA49684621
:10B5B000FFF7B1FBB74A0546852102F005F9002DDA
:10B5C000D7D1B6496846FFF7A6FBB24A05468721A0
:10B5D00002F0FAF8002DCCD1B1496846FFF79BFB89
:10B5E000AC4A0546892102F0EFF8002DC1D1694629
:10B5F00004A805F020F9A74A05468C2102F0E4F8DA
:10B60000002DB6D10222002304A805F0BAF8A14A01
:10B610000546902102F0D8F8002DAAD102226946F1
:10B6200004A805F0F4F89B4A0546932102F0CCF8F3
:10B63000002D9ED19B496846FFF76DFB954A054654
:10B64000962102F0C1F8002D93D197496846FFF783
:10B6500062FB904A0546992102F0B6F8002D88D188
:10B66000694604A805F0E7F88A4A05469C2102F0DD
:10B67000ABF8002D7FF47DAF0322002304A805F072
:10B6800080F8844A0546A02102F09EF8002D7FF440
:10B6900070AF102210A90DEB020005F096F87D4A5C
:10B6A0000546A32102F090F8002D7FF462AF04223A
:10B6B000002304A805F065F8764A0546A72102F0A4
:10B6C00083F8002D7FF455AF052208A904A805F0E2
:10B6D000A1F8704A0546AA2102F076F8002D7FF401
:10B6E00048AF7249022208A805F080F8694A054669
:10B6F000AD2102F069F8002D7FF43BAF152108A8B9
:10B7000005F053F8634A0546B02102F05DF8002DBC
:10B710007FF42FAF6649022208A805F067F85D4A5A
:10B720000546B42102F050F8002D7FF422AF152118
:10B7300008A805F03AF8574A0546B72102F044F840
:10B74000002D7FF416AF5B49042208A805F04EF8DF
:10B75000504A0546C52102F037F8002D7FF409AFA5
:10B76000142108A805F021F84A4A0546C82102F02C
:10B770002BF8002D7FF4FDAE4F49092208A805F0F3
:10B7800035F8444A0546CC2102F01EF8002D7FF41E
:10B79000F0AE4A4B59784B1E59425941143108A812
:10B7A00005F003F83B4A0546CF2102F00DF8002DC5
:10B7B0007FF4DFAE424908A8FFF7ADFA354A0546E7
:10B7C000D32102F001F8002D7FF4D3AE152108A893
:10B7D00004F0EBFF2F4A0546D62101F0F5FF002DBE
:10B7E0007FF4C7AE08A904A805F025F8294A054644
:10B7F000DC2101F0E9FF002D7FF4BBAE0522002320
:10B8000004A804F0BEFF234A0546E02101F0DCFF56
:10B81000002D7FF4AEAE4FF49662002304A804F02E
:10B82000B7FF1C4A0546E32101F0CEFF002D7FF44F
:10B83000A0AE0622002304A804F0A3FF154A054683
:10B84000E72101F0C1FF002D7FF493AE01220CA986
:10B8500004A804F0DCFF0F4A0546EA2101F0B4FF1A
:10B86000002D7FF486AE012200230CA804F090FF87
:10B87000084A0546ED2101F0A7FF002D7FF479AEBF
:10B880000CA904A804F0D7FF024A0546F02101F0F4
:10B890009BFF17E07D2401083D240108C72401080F
:10B8A000D02401089C24010890240108DD2401080B
:10B8B000E0240108E3240108E8240108946C002036
:10B8C000F2240108002D7FF454AE0722002304A8BF
:10B8D00004F057FF1E4A0546F52101F075FF002DC3
:10B8E0007FF447AE1422002304A804F04AFF184A4C
:10B8F0000546F82101F068FF002D7FF43AAE0822DA
:10B90000002304A804F03DFF114A0546FC2101F084
:10B910005BFF002D7FF42DAE8022002304A804F0ED
:10B9200030FF0B4A0546FF2101F04EFF002D7FF44A
:10B9300020AE04A9204604F07EFF054A04464FF4D9
:10B94000827101F041FF002C7FF413AE204611E616
:10B950007D24010870B58AB00D460646019200218B
:10B96000202202A81C4605F032FE02AA0021012076
:10B9700002F0AAFE2021304602F098FE284612214D
:10B9800002F094FE04210DEB010002F08FFE02AAEA
:10B990000021012002F0C8FE06AD02AA234614468B
:10B9A00003CCAC4218605960224603F10803F6D17B
:10B9B0000AB070BD0148FAF71BBB00BF946C0020B1
:10B9C000072838B504D1FEF795F8B8B9302038BD4E
:10B9D000202817D00E4C47F248150220FAF78CF9B0
:10B9E0002846A04704460020FAF786F9012C0BDC14
:10B9F0000CD0002C0CBF3A202D20E8E7054C42F279
:10BA00001075EAE7044CFAE72120E0E70020DEE7C2
:10BA10005562000861620008856200082DE9F84F50
:10BA200081460E46002419F80430002B59D05FFAE5
:10BA300084FA09F11F03002713F8012F002A55D0BB
:10BA4000FFB209EB070319F8048093F8205047224E
:10BA50000021701C05F0BBFD30234FEAD81833706D
:10BA6000CAF144034344ED09DB1B2B4406EB0802F7
:10BA700073704FF0000B0223B37082F803B0CAF169
:10BA80002002424408F10400F27009EB0401C4F101
:10BA90002002304405F082FD08F12402A2EB0A02E4
:10BAA0000223B35408F125035A19A2EB0A02A3EBAF
:10BAB0000A0306F802B0C4F12600C7F12002A91853
:10BAC0004044F154284407F120014944304405F032
:10BAD00065FD05F146004044A0EB0A00C01BBDE82F
:10BAE000F88F0134202C9ED1A246A2E70137202FE7
:10BAF000A2D1A6E72DE9F84306460F461C46154697
:10BB0000DDE9088902F0B6FD3946304602F0CEFD87
:10BB10002021284602F0CAFD204602F0CFFD204633
:10BB20004246202102F058FE49464046BDE8F8430F
:10BB3000FFF774BF70B504460D461646FAF78AFC47
:10BB4000B0F5806F06D8324629462046BDE87040E1
:10BB5000FFF7F4BA212070BD30B50B78412B8DB0C2
:10BB600005460C4629D0422B37D0012B02D00020AD
:10BB70000DB030BD02F07EFDD5F80011284602F070
:10BB800095FD04A802F09AFD202204A904F12300E7
:10BB900005F0F4FC0028EAD1D4F843206B4604F108
:10BBA000110104A8FFF7D6FE10226946601C05F0BB
:10BBB000E5FCB0FA80F04009DAE702F05BFDD5F869
:10BBC0000011284602F072FD04A802F077FD04AAD5
:10BBD0003021601CFEF790FBCAE7054890F8951EDF
:10BBE00000F695500DB0BDE8304002F09FBF00BF99
:10BBF000FC5D00202DE9F04FADF61C0D0DF59867AA
:10BC0000134606460A460146384602F009FB04463A
:10BC1000B0B997F89B92B9F1000F16D00120FFF749
:10BC2000CFFED24A044640F29F3101F0CDFD0CB167
:10BC3000E4B205E0CE4B5B78012B40F00C8233245C
:10BC400020460DF61C0DBDE8F08F3B6803F00F0396
:10BC50000F2B40F00282DFF8188397F89A3298F899
:10BC60000120012A04D1002B40F066813624E7E749
:10BC7000002B40F0618197F88932012B40F2EF816F
:10BC80000025D7F88432AB4200F26681032204A972
:10BC9000304604F0BFFDB54A044640F2D93101F008
:10BCA00093FD002C40F098810122002304A804F0A9
:10BCB0006FFDAE4A044640F2DD3101F085FD002CF7
:10BCC00040F08A81AB4904A8FFF725F8A74A04464B
:10BCD00040F2DF3101F078FD002C40F07D812146FB
:10BCE00040F2991262A805F072FC40F299122146C6
:10BCF000C9A805F06CFC14AD02F0BCFCD7F8241107
:10BD00000DF2E44002F0D2FC284602F0D7FC2846AF
:10BD1000FFF7ACF802900120FFF752FE21280446FD
:10BD200009D0924A40F28E2101F04EFD002C40F0E5
:10BD30008F814FF00109012085F82090F9F7DCFF91
:10BD400098F80120531E5A425A4195F8203043EA90
:10BD5000820343F040030DF1CD0B0DF12009B92210
:10BD6000594685F820304846002304F003FD00249E
:10BD70000DF17500FAF716FB462221460DF18700FA
:10BD800085F8362085F835400DF1300A05F01FFCA6
:10BD900012210DF19700FAF787FAD7F8543303937D
:10BDA00052462146012002F08FFC0E210DF1970032
:10BDB00002F07CFC52462146012002F0B5FC0C9AB0
:10BDC000039B5340C5F85530029BC5F879302C468B
:10BDD0000DF1A9020DF1700C234603CB63451060F1
:10BDE00051601C4602F10802F6D10DF18703029A58
:10BDF0000DF197012846FFF7ADFD97F87032002B43
:10BE000000F0FC8062AC46220DF18701204605F06F
:10BE1000B4FC4FF491720DF5C1610DF5E77005F0BA
:10BE2000ACFCD7F82421302A28BF30220DF2E4419F
:10BE3000BCA8924605F0A1FCB8F84A2084F898A165
:10BE40004FF0000A524500F2C98000240DF5497AEE
:10BE5000FAF739FA8442C0F0E4804FF49B77282443
:10BE6000424A40F2E631204601F0AEFC002C7FF45D
:10BE7000DFAE0DF54978C7F59B734246E919C8F85E
:10BE800000300DF5EC60FFF709F8384A044640F23F
:10BE9000ED3101F099FC002C7FF4CAAED8F80020F7
:10BEA00032B195F8203063F07F0385F820301744D5
:10BEB0000222002304A804F06BFC2C4A044640F242
:10BEC000F73101F081FC002C40F086803A4629468B
:10BED00004A804F07AFC254A044640F2F93101F046
:10BEE00073FC002C78D102F069FC2CAC1CAB0194E3
:10BEF00000930DF2C4422B4639462846FFF7FAFD5F
:10BF00002146024604A8FFF715FE184A044640F2EF
:10BF1000014101F059FC002C7FF492AE04A9304697
:10BF200004F089FC114A054640F2044101F04CFC42
:10BF3000002D3FF485AE4FE00DF2C4410DF24A7082
:10BF4000FFF703FB094A044640F2B23101F03CFC22
:10BF5000002C3FF490AE72E614A90DF2347001F09B
:10BF60008DFE1128044607D101358AE67D2401089B
:10BF7000946C0020082501083A4A40F2C33101F0D0
:10BF800023FC002C7FF45CAE14A90DF2E440FFF713
:10BF9000E3FDA8B197F89A1201220DF15100FFF7C5
:10BFA000BFFA68B90120FFF70BFD2E4A04464FF493
:10BFB000737101F009FC002C7FF43AAE19243FE6BE
:10BFC0000DF2347004F08EFF264A044640F2D3315D
:10BFD00001F0FAFB002CC7D0122431E6C9A9504663
:10BFE0000392FEF7ABFEC9A902902046FEF776FE4B
:10BFF000039A98B102982146FAF77CF9D7F86C3287
:10C0000097F86A220DF187014846FFF7F3F9D9F84E
:10C010000070A7EB0B077D37002421E70AF1010A26
:10C0200010E751462046FAF750F9DAF84230013B62
:10C0300003330BD9B8F84A300133A8F84A30FFF778
:10C04000B9FC62A92046FAF784F9D7E70134FFE684
:10C050004FF49B7704E73524F2E51424F0E52C2413
:10C06000EEE500BF7D240108F0B591F8413085B0C0
:10C0700006460C4615469BB19AB191F8A2300125AF
:10C080008BB104226946304604F0C4FB464A074699
:10C090004FF4886101F098FB3FB1122005B0F0BD6C
:10C0A0001D460122EEE70322ECE7404902226846E2
:10C0B00004F09CFB3C4A074640F2434101F084FBFC
:10C0C000002FEAD194F840202146684604F07DFB19
:10C0D000354A074640F2464101F076FB002FDCD19D
:10C0E0006DB96946304604F0A6FB2F4A044640F27B
:10C0F000614101F069FB002CCFD12046CEE794F8D6
:10C10000A230002B34D12A490422684604F06EFB89
:10C11000254A054640F2534101F056FB002DBCD1A3
:10C1200004F141016846FEF7F6FD1F4A054640F25C
:10C13000564101F049FB002DAFD11E490B22684644
:10C1400004F054FB184A054640F2594101F03CFB0B
:10C15000002DA2D104F182016846FEF7DCFD124AEF
:10C16000044640F25C4101F02FFB002CB9D094E76B
:10C1700011490422684604F039FB0B4A054640F297
:10C180004D4101F021FB002D87D104F1A201684649
:10C19000FEF7C1FD044A054640F24F4101F014FB91
:10C1A000002DB0D079E700BF7D240108B424010838
:10C1B0000F25010819250108142501082DE9F04F64
:10C1C0000025DFF860A1F3B004462F4640F269185D
:10C1D000D4F84C61BE423FD896BB02F04BFAD4F87B
:10C1E0002811DFF83C8104F1280002F05FFA03A86F
:10C1F00002F064FA0BAFFAF766F8B0421DD939467F
:10C200003046FAF762F8D7F84230013B033300F2C8
:10C21000828098F8941D00223846FFF781F90028A3
:10C2200079D1202203A90DF14E0005F0A7F90028CD
:10C2300071D1132DD4F86C2160DDC4F84C512E4619
:10C24000D4F86C01354B40F26912314604F035FFE9
:10C25000284673B0BDE8F08FD4F86C1108FB07FBDB
:10C26000594404F12800FFF777FCD4F86C310246FA
:10C270005B44581C92B9462102F058FC08B10135C4
:10C280000AE0D4F86C315B4483F8430083F844003F
:10C2900083F8450083F84600013799E7204B0122D7
:10C2A00093F8941DFFF73CF9D4F86C3106469B4493
:10C2B000002240B18BF843208BF844208BF84520B6
:10C2C0008BF84620E8E70BF10103BAF84A90019396
:10C2D000B145D4DD0BA93046FEF730FD01990BA81E
:10C2E000FEF7FCFC40B14FF491720DF172010BF1BD
:10C2F000470005F042FAC2E70136E9E740F2691368
:10C300006B43D0180121D15401304FF4B472394637
:10C3100005F044F9013501366DE700BF61AC000856
:10C32000FC5D0020946C00202DE9F0479246A4B0FB
:10C330000122984600230D46044604F029FA4D4A8E
:10C34000064640F20B5101F03FFA26B11226304664
:10C3500024B0BDE8F0872F46204617F8012B394658
:10C36000FFF774F8434A064640F20E5101F02CFAEA
:10C37000002EEBD102220023204604F009FA3D4AA8
:10C38000814640F2125101F01FFAB9F1000FDDD1E0
:10C3900042465146204604F018FA364A814640F299
:10C3A000145101F011FAB9F1000FCFD12B78412BC4
:10C3B0005AD0422B5AD1304B93F8951E0023384661
:10C3C0001A460DF1480902F093FA4946384602F040
:10C3D0003DFC00284CD102AB00932C9ACDF8049080
:10C3E000534641465046FFF785FB0746032200238C
:10C3F000204604F0CDF91F4A804640F2275101F053
:10C40000E3F9B8F1000FA1D13A464946204604F0BD
:10C41000DCF9184A074640F2295101F0D5F9002FFE
:10C4200094D195F88730002B91D004220023204628
:10C4300004F0AEF90F4A074640F2315101F0C4F959
:10C44000002F83D10C4B05F1470193F8942D204622
:10C45000FFF70AFE074A044640F2345101F0B4F9EE
:10C46000002C3FF474AF71E73021A7E74621A5E720
:10C470004827BBE77D240108FC5D00202DE9F0433F
:10C480003F4C04F5805989B0D9F8883D0646002B09
:10C4900073D0D9F88C5DAB426FD940F2691808FBB4
:10C4A00005F808F5A8776B1C27442046C9F88C3D91
:10C4B000FEF7DCFC07F12303A44607F1430E1868DE
:10C4C0005968624603C2083373459446F7D140F277
:10C4D000691303FB054595F8D73183B1042204A9FC
:10C4E000304604F097F9274A054640F2555101F0CD
:10C4F0006BF935B11224204609B0BDE8F083032260
:10C50000EDE799F8943D33B908F5EC7041222946DE
:10C51000204405F05CF81C49502303AA01F15300A4
:10C520000393FEF7BBFC039B30B994F820200BB3B8
:10C5300062F07F0284F82020144A00923946A2F566
:10C540009872253304A8FFF7EFFE0E4A04464FF415
:10C55000AE6101F039F9002CCCD104A9304604F0C9
:10C560006AF9084A054640F2735101F02DF9002D91
:10C57000C1D0BFE702F07F02DCE73024BBE700BF99
:10C58000FC4D00207D240108214E00202C4F00206E
:10C590007FB502226946054604F03CF9284A044664
:10C5A00040F27C5101F010F914B1122004B070BDBA
:10C5B00001220023684604F0EBF8214A044640F2C9
:10C5C0007E5101F001F9002CEFD11E4E2346B6F842
:10C5D0004A20684604F0DCF8194A04464FF4B0617A
:10C5E00001F0F2F8002CE0D102220023684604F0AA
:10C5F000CFF8134A044640F2825101F0E5F8002CCE
:10C60000D3D1F9F760FEB6F84A30C21AD31768469C
:10C6100004F0BEF80A4A044640F2855101F0D4F80D
:10C62000002CC2D16946284604F005F9044A0446A4
:10C6300040F2875101F0C8F8002CB6D12046B5E78A
:10C640007D240108946C0020F0B5F1B009AF1546C7
:10C65000064608463946F9F738FE002DD4BF0222B7
:10C66000032201A9304604F0D5F8554A044640F2A9
:10C67000935101F0A9F8002C40F0A0800322002380
:10C6800001A804F085F84E4A044640F2955101F0A5
:10C690009BF8002C40F09280022205A901A804F02A
:10C6A000B9F8474A044640F2995101F08DF8002C40
:10C6B00040F08480434905A8FEF72DFB404A04461C
:10C6C00040F29B5101F080F8002C77D19DF8BC21FD
:10C6D000302A86BF22463C4963A905A804F086F8A3
:10C6E000374A044640F2A45101F06EF8002C65D19F
:10C6F000364905A8FEF70FFB314A074640F2A6511E
:10C7000001F062F8002F59D10DF1AB0105A8FEF739
:10C7100002FB2B4A07464FF4B56101F055F8002F94
:10C720004CD105A901A804F086F8254A074640F235
:10C73000AA5101F049F8002F40D10422002301A89A
:10C7400004F026F81E4A074640F2AD5101F03CF8CD
:10C75000A7BB20220DF1460101A804F036F8184AC3
:10C7600040F2AF51204601F02FF8002D0DDC01A959
:10C77000304604F060F8124A04464FF4B76101F005
:10C7800023F8DCB9204671B0F0BD0522002301A8D2
:10C7900003F0FEFF0A4A044640F2B35101F014F8D8
:10C7A00064B92A46EB1701A803F0F2FF044A0446D5
:10C7B00040F2B55101F008F8002CD8D01220E2E781
:10C7C0007D240108B4240108392401080F2501083B
:10C7D0002DE9F041ECB00746084605A91646F9F7E1
:10C7E00074FD05A8FEF742FA431E032B044634BF2E
:10C7F00004460124002ED4BF0422052201A9384694
:10C8000004F008F84D4A054640F2CB5100F0DCFF39
:10C8100025B1122528466CB0BDE8F0810622002320
:10C8200001A803F0B5FF454A054640F2CE5100F09D
:10C83000CBFF002DEDD101220DF15A0101A8FFF728
:10C8400013FC3E4A054640F2D15100F0BDFF002DD9
:10C85000DFD10722002301A803F09AFF374A0546DB
:10C8600040F2D55100F0B0FF002DD2D1012205A930
:10C8700001A8FEF7EBFD314A05464FF4BB6100F01D
:10C88000A3FF002DC5D10822002301A803F080FFDB
:10C890002A4A804640F2DC5100F096FFB8F1000FC2
:10C8A000B7D16FF00603012205A901A8FEF7A2FD8A
:10C8B000002E26DC0A22002301A803F069FF1F4A8C
:10C8C000064640F2EA5100F07FFF002EA1D1224639
:10C8D000334601A803F05CFF184A044640F2EC51CD
:10C8E00000F072FF002C94D101A9384603F0A3FF99
:10C8F000124A044640F2EF5100F066FF002C89D046
:10C9000087E70922002301A803F042FF0B4A804673
:10C9100040F2E45100F058FFB8F1000F7FF479AF16
:10C920003246F31701A803F033FF044A064640F2EB
:10C93000E65100F049FF002EBCD06AE77D240108D3
:10C940002DE9F04FADF2845DD5AE8246304601F060
:10C9500033FD0446A0B996F86471B7B10220FFF721
:10C960002FF8B34A044640F2077100F02DFF0CB1D6
:10C97000E4B205E0AF4B5B78012B40F053813324E8
:10C9800020460DF2845DBDE8F08F96F863316BB1FF
:10C99000D6A90DF2A740FEF7D8FDA54A044640F2FD
:10C9A0000D7100F011FF002CE9D10123DFF8909206
:10C9B00089F8943DD6F82831002B00F0358196F89F
:10C9C0002430002B00F030813046FFF7F7FB05469E
:10C9D000002800F02B8140F26918D6F86C3108FB72
:10C9E00000F86FF4B47188444344012893F8873009
:10C9F000CCBF0422032203B1013203A9504603F045
:10CA000009FF8B4A044640F2357100F0DDFE0CB19F
:10CA10001224B5E7012D02DD99F8943D33B9D6F81B
:10CA20006C0141220021883004F0D1FDD6F86CB1B0
:10CA300046210BF10100C6F8240202F077F8044603
:10CA400078B101F017FED6F82811DFA801F02EFE0C
:10CA5000794801F033FE784A052382F820302523F7
:10CA600073E096F85201B0FA80F04009F9F7A6F8A1
:10CA7000214640F2991207A804F0A9FD40F299124C
:10CA800021466EA804F0A3FD01F0F4FDD6F82811AC
:10CA9000DFA801F00BFE684801F010FE6648FEF7C3
:10CAA000E5F90120FEF78CFF2128044606D0604AF4
:10CAB00040F28E2100F088FE94B901275E4C0120DF
:10CAC00084F82070F9F718F95A4B5A78531E5A42D5
:10CAD0005A4194F8203043EA820384F8203000243D
:10CAE0000020F9F76BF8524A40F25B71204600F0E3
:10CAF0006BFE002C7FF43CAF4F4F99F8942D97F8C4
:10CB0000203023F0040343EA820387F820305022C8
:10CB10006EAB6E9207F125011A460DF59960FEF78E
:10CB2000BDF9434A044640F2647100F04DFE6EAB1D
:10CB3000002C7FF41DAF1B68002B90D097F82020AD
:10CB400062F07F0287F820202533D6AF3A4A00975B
:10CB5000594603A8FFF7E8FB354A044640F26F71D7
:10CB600000F032FE002C7FF453AF012D3ADC03A914
:10CB7000504603F060FE2E4A824640F27A7100F081
:10CB800023FEBAF1000F7FF443AFB5F1010A1AD0CA
:10CB9000BAF1130F44D8D6F86CC1284D3E460FCEDB
:10CBA0000FC596E80F0085E80F0042460CF26911A8
:10CBB00005F1100004F0F2FCB8220DF59961A5F121
:10CBC000C80004F0DAFD0025C9F888ADC9F88C5D0D
:10CBD000174A4FF4F061284600F0F6FD002D18BF0B
:10CBE0001724CDE60522002303A803F0D1FD104A47
:10CBF000834640F2747100F0E7FDBBF1000F7FF453
:10CC000007AF2A46EB1703A803F0C2FD084A834684
:10CC100040F2767100F0D8FDBBF1000FA7D0F7E627
:10CC20001725D5E73524ABE61424A9E62E24A7E67C
:10CC30007D240108946C0020FC4D00202C4F002026
:10CC4000FC5D002010B5044641F20402002104F509
:10CC5000805404F0BCFC4FF48053238010BD0000CE
:10CC600010B501F09DFD1048F9F7DAF904460020EF
:10CC7000F9F742F824B9FEF73BFA0B48F9F7B8F98F
:10CC8000094801F017FF094801F0FAFC0848102193
:10CC9000F9F70AFB012802D0012004F0C3F9BDE82E
:10CCA0001040FEF745B800BF946C0020E26C0020F5
:10CCB000C46D002030B50B1F3B2B89B005460C46D8
:10CCC00002D9012004F0AEF901F0D4FC2146284637
:10CCD00001F0ECFC684601F0F1FC01F0CBFC684689
:10CCE000102101F0E3FC20220021684604F06FFCD3
:10CCF0002021074801F0DAFC064801F0DFFC064A73
:10CD0000012310465370F9F773F909B030BD00BF25
:10CD1000B66C0020966C0020946C0020044B082216
:10CD200083F84820034B03221A70FEF743BE00BF6E
:10CD3000946C002008020010024841F6986200211D
:10CD400004F045BCFC4D002008B5FEF7D1F90A48B7
:10CD5000F9F74EF909481021F9F7A6FA012802D08F
:10CD6000012004F05FF9FFF7E7FFFDF7E1FFBDE801
:10CD70000840034801F084BC946C0020C46D00207E
:10CD8000E26C002008B510220021074804F01FFCC7
:10CD900006482022002104F01AFC044B981EBDE82E
:10CDA0000840F9F725B900BFC46D0020966C00203B
:10CDB00010B50E4A0E4C92F90030002BC4BF03F19F
:10CDC000FF33137094F94830002B0CDD013B84F8DD
:10CDD0004830FEF7EFFD94F94830002B01DCFFF7F7
:10CDE000D1FF002010BDFF20FCE700BF08020010AB
:10CDF000946C00200268062A10B51BD85623D34035
:10CE0000DB0717D5D0F8082300F28D11013200F5A9
:10CE10004370FDF743FF3328044609D1FFF7C8FFED
:10CE2000054B93F90030002BD8BF3424204610BDA9
:10CE3000FFF774FF0024F9E7080200102DE9F04322
:10CE4000ADF2C44D67AF0646384600F0E0FF044639
:10CE500088B93846FFF7CEFF6C4A04464FF4D261DA
:10CE600000F0B2FC3CB9DFF8B8813B68B8F84A2062
:10CE700032B9012B4ED020460DF2C44DBDE8F083EF
:10CE8000023B032B46D8DFE803F002502A50604BE8
:10CE9000DFF888914FF0FF3018605E4B01221A7066
:10CEA0005D4B00251D70FDF767FF0028C9F80000E5
:10CEB00011DA4FF0FF30FDF75FFFC9F800004FF0C7
:10CEC00000093B68013B052B00F29E80DFE803F080
:10CED000313E3E5D5D8CFDF74FFF0135E5E768A90A
:10CEE0000020FDF78DFF4A4D4B4B286001221A7040
:10CEF0004FF00009002806DA68A90020FDF780FF3E
:10CF000028600025DDE70021FDF77AFF09F101091E
:10CF10002860EFE7404A002313703E4A13703C4AF2
:10CF20004FF0FF3313603D4A13604FF000094D4648
:10CF3000C7E73046FFF72CFB344A054640F2C6618E
:10CF400000F042FC002D96D0122494E7334F39684C
:10CF5000002902DB2F4B1B7833B92E4A00231370B4
:10CF60002D4A13702E2486E72A463046FFF76CFBC5
:10CF7000264A054640F2D26100F026FC002DE3D19E
:10CF80003868FDF7F9FE386075E7214F39680029E8
:10CF9000E3DB214B1B78002BDFD04A463046FFF7FE
:10CFA00017FC1A4A05464FF4DC6100F00DFC002D19
:10CFB000CAD138682946FDF723FFE4E73146284601
:10CFC000F9F783F9D6F84230013B033306D84622FD
:10CFD0000DF2C111304604F0D1FA40B10135F9F734
:10CFE00072F98542EAD3BDE700256E46F7E7002DCA
:10CFF000B8DB2846F9F7AFF9B8F84A30013BA8F892
:10D000004A30FEF7D7FC36E7012434E77D240108D7
:10D01000F84D0020F54D0020F44D0020F04D00208B
:10D02000946C00202DE9F04198B03F2905461E9EE2
:10D030000C461046984640F391804B4F7B78012B6D
:10D040000AD197F94830002B40F38A80474B93F977
:10D050000030002B40F386806A46454901F0D8FB3A
:10D0600001F008FB2021684601F020FB684601F032
:10D0700025FB2021684608AA01F026FB2146284608
:10D0800001F014FB1EB11021304601F00FFB08AA7D
:10D090002021684601F048FB4146102208A804F010
:10D0A0006DFA0146002857D1684601F0BFFB2307FF
:10D0B00010D12146284601F0DFFB05F140031C4654
:10D0C000984613F8012D3AB1A8EB04033C3306D27D
:10D0D000372033E00134EAE7AB42F1D1F4E77B7863
:10D0E000012B30D197F94830002B39DD1F4F97F9CC
:10D0F0000030002B36DD002001F0B4FB102130465B
:10D1000001F0BAFB01F0B6FA1021304601F0CEFA78
:10D110002021184801F0CAFA10A801F0CFFA1649E8
:10D12000102210A804F02AFA58B1FDF701FEFFF70B
:10D130003FFE97F90030002B14DD312018B0BDE818
:10D14000F081FFF7EBFDA4EB08012846C1F1400197
:10D15000FFF7B0FD0020F1E73320EFE77F20EDE798
:10D160003220EBE73420E9E7946C0020080200103D
:10D17000646D0020B66C0020966C002030B591B034
:10D18000144605466A460846224901F041FB01F073
:10D1900071FA2021684601F089FA684601F08EFA9A
:10D1A0000021684601F042FB2046102101F064FB9B
:10D1B00001F060FA2046102101F078FA202116488B
:10D1C00001F074FA08A801F079FA1449102208A8AD
:10D1D00004F0D4F9044660B1FDF7AAFDFFF7E8FDBD
:10D1E0000F4B93F90030002BCCBF3120342011B00D
:10D1F00030BDFFF793FD204601F034FB09491022B2
:10D20000284604F0CBF92846102101F03DFB2046CA
:10D21000EDE700BF646D0020B66C0020966C002026
:10D2200008020010C46D00202DE9F041EAB00BADFA
:10D230000746284601F06CF96B68DA1E022A04469C
:10D240000BD8A74A92F94820002A40F33B81A54A0F
:10D2500092F90020002A40F33781002C40F0A6808C
:10D260002A68012A40F03281002B00F02F81013B17
:10D2700095F87A61042B00F22981DFE813F00500AC
:10D280004C008E00B800DA00012203A9384603F0F2
:10D29000C1FA954A804640F65D0100F095FAB8F172
:10D2A000000F40F0D980012385F87A3195F87A3162
:10D2B000002B00F011810322002303A803F068FA79
:10D2C000894A804640F6B70100F07EFAB8F1000FB7
:10D2D00040F0C280824B93F9482003A8D31703F093
:10D2E00057FA814A804640F6B90100F06DFAB8F16C
:10D2F000000F40F0B180002E00F0DE8003A9384618
:10D3000003F099FA784A054640F6BF0100F05CFA4E
:10D31000002D4BD0A0E00136324603A9384603F079
:10D3200079FA714A804640F6660100F04DFAB8F18C
:10D33000000F40F091800122002303A803F028FA97
:10D34000694A804640F6690100F03EFAB8F1000FE4
:10D3500040F08280F8F75EFD012801D1F8F742F92C
:10D360006249634801F04EFAF8F754FD012802D1F2
:10D370000020F8F737F95F4A6FF01803A2F1200197
:10D3800003A8FDF781FF584A80464FF4076100F07B
:10D390001BFAB8F1000F89D05EE0514B5B78012B8E
:10D3A00000F09680D5F8641121B9142420466AB0A3
:10D3B000BDE8F08195F86130002BF6D095F850303B
:10D3C000002BF2D0002300930DAA0DF17D030DF187
:10D3D0008E00FFF727FE444A80464FF4086100F0B4
:10D3E000F3F9B8F1000F3FF461AF4446DEE73C4B80
:10D3F0005B78012B6ED1D5F864110029D5D095F852
:10D400006130002BD1D095F85030002BCDD095F85D
:10D410007831002BC9D065AB00930DAA0DF17D03C7
:10D420000DF18E00FFF7FEFD2F4A80464FF4096193
:10D43000D5E72B4B5B78012B4CD10136324603A943
:10D44000384603F0E7F9284A804640F6990100F093
:10D45000BBF9B8F1000F01D01224A7E795F85030BE
:10D46000002BA2D095F87831002B9ED00222002309
:10D4700003A803F08DF91C4A804640F6A20100F093
:10D48000A3F9B8F1000FE7D165AA0DA907A8FFF726
:10D4900075FE154A804640F6A60100F095F9B8F1F0
:10D4A000000FA2D1102207A903A803F08EF90E4A9B
:10D4B000804640F6A9016AE795F87A31002B7FF49F
:10D4C0001DAF73E7322471E734246FE77F246DE7E3
:10D4D00030246BE7352469E7002E7FF40FAF65E752
:10D4E000946C0020080200107D240108846D002047
:10D4F000646D0020A46D00202DE9F043914685B0B5
:10D5000004460D4610220021684609F5805704F0B4
:10D510005EF814F8016B3A88DFF818810023494659
:10D52000684603F027F90A2E05F1FF3503D00ED81F
:10D53000731E012B0FD83D4B93F94830002B68DD4B
:10D540003B4B93F90030002B67DC342421E0412E63
:10D55000F1D001241DE0002EFBD0731E092BF8D85A
:10D5600001A252F823F000BFABD50008C1D50008D6
:10D5700091D50008CDD5000853D50008D5D50008B1
:10D58000E1D50008F5D5000853D500081FD60008DE
:10D5900000240020F8F7B0FB88F8846D0CB100235C
:10D5A0007B80204605B0BDE8F0832A4621466846C8
:10D5B000FEF720FB009BA3EB090304467B80E8E712
:10D5C0002A4621466846FFF7BBF9F3E76846FDF7B0
:10D5D000BFFFEFE72A4621466846FFF725FEE9E749
:10D5E0000720FEF7EDF9044608B1C4B2D1E7FFF712
:10D5F000ABFBCEE798F8843D022B0CD16846FEF7D2
:10D600003DFF009B041EA3EB09037B8008BF02269D
:10D61000BFE73224BDE73024BBE70A2E9DD92A4656
:10D6200021466846FFF70AFCC4E700BF946C00205F
:10D6300008020010FC5D0020C17B11F0010101D047
:10D6400003F0E4BA8089704710B5827BA02A0C46AB
:10D6500006D00A4B0A4A0B484FF4F07103F0C4FCA1
:10D66000C37B5B0707D4FFF7E7FF2060081E18BFE6
:10D670000120800210BD0220FCE700BF2525010823
:10D68000593001083E25010810B5827B802A0C46DE
:10D6900006D00A4B0A4A0B4840F2D31103F0A4FC0F
:10D6A000C37B5B0707D4FFF7C7FF2060081E18BFC6
:10D6B0000120800210BD0220FCE700BF58250108B0
:10D6C000053001083E25010810B5827B02F0DF021B
:10D6D000402A0C4606D00A4B0A4A0B4840F29D11DC
:10D6E00003F082FCC37B5B0707D4FFF7A5FF206034
:10D6F000081E18BF0120800210BD0220FCE700BFF9
:10D7000073250108BE2F01083E25010810B5837B53
:10D71000402B06D0054B064A064840F2B71103F0ED
:10D7200063FCBDE81040002303F08CBBB825010862
:10D730003D3001083E25010810B5837B602B06D0E3
:10D74000054B064A064840F2B11103F04DFCBDE816
:10D750001040002303F076BB972501082130010813
:10D760003E25010838B5837B05460C4633B1084B8E
:10D77000084A09484FF4BE7103F036FCFFF75CFF1E
:10D780002060EB7B9B0744BFC043206038BD00BFD7
:10D79000D9250108DB2F01083E250108F52908B528
:10D7A00006D0064B064A07484FF4A67103F01CFC4E
:10D7B000003818BF0120107008BD00BFF625010811
:10D7C000EE2F01083E2501087047000030B58B7B25
:10D7D000A02B8DB004460D4602D012200DB030BDF6
:10D7E00002A9284603F090FA0028F6D1284601A99C
:10D7F000FFF72AFF05460028EFD1019BAB4205D871
:10D80000236843F0040323600020E7E79DF8163007
:10D81000602BE2D118236A460DEB030102A80093A6
:10D82000FFF78AFFB0F1004F01D11520D6E700289D
:10D83000D3D18DF82F0002A803F054FB0028CCD1DF
:10D84000334906A803F08FFFC8B99DF81630402B66
:10D85000C3D16A4604F5A47102A80093FFF756FFEE
:10D86000B0F1004FE1D0009B84F888310028B4D19A
:10D8700002A803F037FB0028AFD10135BDE72549E9
:10D8800006A803F070FF88B99DF81630602BA4D16C
:10D8900041236A4604F2891102A80093FFF74CFF66
:10D8A00030F0004099D184F8C901E1E71A4906A88F
:10D8B00003F059FF90B99DF81630602B8DD12023CD
:10D8C0006A4604F5E57102A80093FFF735FF30F0D2
:10D8D000004382D1002384F8E931C9E70F4906A843
:10D8E00003F041FF0028C3D19DF81630602B7FF470
:10D8F00074AF80236A4604F5F57102A80093FFF720
:10D900001BFF30F000407FF468AF84F86902AFE796
:10D91000B42401080F250108192501081425010860
:10D9200070B58EB010230193837BA02B04460E4666
:10D93000154603D0122420460EB070BD174902AA26
:10D9400003F0F2FA0028F5D1154906AA204603F0A3
:10D95000EBFA0028EED19DF81630602B1BD19DF814
:10D960002640C4B901AA0AA902A8FFF7E5FE0028CB
:10D97000E0D10C498DF837400AA803F0F4FE0028E6
:10D9800014BF3F2301233370294606A803F02EFA63
:10D990000028D0D0CEE71424CDE700BFB72401087B
:10D9A000A8240108BC240108F0B58B7B802B89B02A
:10D9B00005460F4602D0122009B0F0BD04A9384632
:10D9C00003F0A2F90028F6D102A93846FFF75CFE61
:10D9D00004460028EFD1029EA6420AD804A9384680
:10D9E00003F092F904460028E5D1A64210D1262082
:10D9F000E2E703AA0DF1070104A8FFF791FF002851
:10DA0000DAD104A803F06EFA0028D4D10134E2E799
:10DA100003AA0DF1070104A8FFF782FF78B99DF86A
:10DA20000720012A0BD1039BD91D08D1C5F86C3200
:10DA30002B6885F86A2243F008032B60BCE704A832
:10DA400003F050FA0028B6D10134CEE713B5837B3A
:10DA5000402B144602D0122002B010BD019201AA40
:10DA6000FFF754FE0028F6D10198A04214BF03200E
:10DA70000020F1E713B5FD2301938B7B602B044657
:10DA8000084602D0122002B010BD01AA2146FFF7BD
:10DA900053FEB0F1004F07D00028F3D1019B84F86A
:10DAA000FD00C4F80031EEE71520ECE770B58B7B84
:10DAB000A02B88B005460C4602D0122008B070BDDD
:10DAC00004A9204603F020F90028F6D1204601A938
:10DAD000FFF7BAFD04460028EFD1C5F8000108267B
:10DAE000019BA34206D8D5F80031002B0CBF1420AF
:10DAF0000020E3E79DF81E30602BDED16A4602A9C4
:10DB000004A80096FFF718FEB0F1004F32D00028AD
:10DB1000D3D18DF80F0004A803F0E4F90028CCD18C
:10DB20009DF81E30602BC8D1134902A803F01BFEDC
:10DB300060B904A92846FFF79DFF0028BED104A8BC
:10DB400003F0D0F90028B8D10134C9E70B4902A885
:10DB500003F009FE0028F2D120236A4605F5827100
:10DB600004A80093FFF7E8FD30F00040A5D185F848
:10DB70002301E4E71520A1E7B42401080F250108DB
:10DB80002DE9F0419846837BA02B8AB004460E46CF
:10DB9000174603D012200AB0BDE8F08106A903F0B1
:10DBA000B3F80028F6D1204603A9FFF74DFD04463F
:10DBB0000028EFD1039BA34201D80020EBE79DF89A
:10DBC0002630602BE6D108230DEB030204A906A83A
:10DBD0000293FFF7B1FDB0F1004F47D00028D9D133
:10DBE0008DF8170006A803F07DF90028D2D19DF822
:10DBF0002650F52DCED11E49022204A803F0EFFCD9
:10DC000080B9BDF824000DF107022946FFF7C6FDD3
:10DC10009DF80730337006A803F064F90028B9D1E5
:10DC20000134C7E71349022204A803F0D8FC50B915
:10DC3000BDF824000DF107022946FFF7AFFD9DF85E
:10DC400007303B70E7E70C49022204A803F0C7FC49
:10DC50000028E0D1BDF824000DF107022946FFF7A6
:10DC60009DFD9DF8073088F80030D4E7152092E735
:10DC7000DD24010813260108E024010830B5002343
:10DC800089B00B70837BA02B05460C4602D0122076
:10DC900009B030BD284904AA03F046F90028F6D19E
:10DCA0009DF81E30402B01D01420F1E746236A4630
:10DCB000611C04A80093FFF729FD009B302B25D1A0
:10DCC000412323700028E2D11C4904AA284603F00E
:10DCD0002BF90028DBD19DF81E30602BE4D10C23FA
:10DCE0006A4601A904A80093FFF726FDB0F1004F92
:10DCF0001DD13F232370124901A803F034FDC8B998
:10DD000023780BB9012323700020C1E7462BD9D01B
:10DD1000422323706A464FF480730A49009304A893
:10DD2000FFF7F4FC084B009A83F8952ECAE7002809
:10DD3000E1D0ACE73F23E6E7B4240108B7240108AB
:10DD4000BC240108916B0020FC5D002030B5837B72
:10DD5000802BE1B0044602D0122061B030BD69468C
:10DD60006D46FFF791FC0028F6D1204601A902F08C
:10DD7000CBFF04460028EFD12B68A34201D8002036
:10DD8000EBE705A901A8FFF779FF0028E4D101A876
:10DD900003F0A8F80028DFD10134EDE770B58B7BE4
:10DDA000802B86B005460C4602D0122006B070BD0E
:10DDB00002A9204602F0A8FF0028F6D1204601A9BA
:10DDC000FFF762FC04460028EFD1C5F84C0140F291
:10DDD0006916019BA34201D80020E7E7142C14D058
:10DDE000D5F84C31D5F86C110133C5F84C3106FB30
:10DDF000041102A8FFF742FF0028D7D102A803F0C0
:10DE000071F80028D1D10134E3E71720CEE72DE9DE
:10DE1000F04196B00E46174600214FF449720AAD04
:10DE2000044603F0D4FB009508AB40F6FF72394678
:10DE3000304602F027FF002842D19DF83630A02B53
:10DE40003ED10EA9284602F05FFF002838D12846AF
:10DE500004A9FFF7F9FB0546002831D104F5437703
:10DE6000049BAB4201D800202BE09DF846303BBB21
:10DE700003A90EA802F0BAFF10BB0EA803F032F8F7
:10DE8000F0B9039B013B032B0ED8DFE803F002132C
:10DE900064709DF846309BB921460EA802F0A6FF9B
:10DEA00070B9236884F88D310EA803F01BF838B9D7
:10DEB0000135D5E7202307939DF84630A02B03D0EA
:10DEC000122016B0BDE8F08112A90EA802F01CFFC6
:10DED0000028F5D105A90EA8DDF84C80FFF7B4FBAA
:10DEE00006460028ECD1059B9E420ED3139E08F1F6
:10DEF000FF31761AB6F5BD7FE2D2324604F5C7701F
:10DF000003F04CFBC4F80863CEE79DF85630002BB5
:10DF1000D6D112A806A9FFF725FC12A802F0E2FF4D
:10DF20000028CDD1069B012B07D0022BC8D104F1CC
:10DF3000240112A8FFF7A2FE04E007AA211D12A8DF
:10DF4000FFF7E4FB0028BBD112A802F0CBFF0028AA
:10DF5000B6D10136C7E79DF84630002BB0D104F5A5
:10DF600048710EA802F042FF00289DD0A8E71022B9
:10DF700039460EA8FFF76AFD0028A2D1012384F8D4
:10DF80001C3391E72DE9F041002386B0C1E910333D
:10DF9000837BA02B05460C4603D0122006B0BDE8BB
:10DFA000F08102A902F0B0FE0028F6D128466946A9
:10DFB000FFF74AFB05460028EFD18046064604F1EC
:10DFC0002007009BB3420DD8002D4FD0B8F1000FB1
:10DFD0004CD0236C002B49D0636C002B0CBF142059
:10DFE0000020DBE79DF81630002BD6D101A902A84E
:10DFF00002F0FCFE0028D0D102A802F073FF002836
:10E00000CBD1019B0333042B0FD8DFE803F0251C91
:10E01000150E03009DF81630002BBED104F140010F
:10E0200002A802F0E3FE0028B7D102A802F05AFFCE
:10E030000028B2D10136C4E79DF81630002BACD1D0
:10E0400004F14401ECE72022214602A8FFF7FEFC80
:10E050000028A3D10125E8E72022394602A8FFF7CE
:10E06000F5FC00289AD14FF00108DEE7142095E76F
:10E07000F0B5837BA02B89B004460E4602D0122057
:10E0800009B0F0BD04A902F03FFE0028F7D101A9B4
:10E090002046FFF7D9FA05460028F0D1044640276C
:10E0A000019BAB4204D8032C14BF14200020E7E7E7
:10E0B0009DF81E30002BE2D104A803A9FFF752FB04
:10E0C00004A802F00FFF0028D9D1039B022B13D024
:10E0D000032B23D0012B08D106F1640104A8FFF71C
:10E0E00051FF0028CCD10134E4B204A802F0FAFEBA
:10E0F0000028C4D10135D3E702AA711C04A80297F5
:10E10000FFF704FB029B202B01D0402B11D1B0F173
:10E11000004F0ED00028B2D13370E4E7202302AACA
:10E1200006F1410104A80293FFF7F0FA0028DAD0C3
:10E13000A5E70320A4E7000070B5837BA02B8CB07B
:10E1400004460D4602D012200CB070BD04A902F0A6
:10E15000DBFD0028F7D1204603A9FFF775FA044636
:10E160000028F0D11026039BA34201D80020EBE742
:10E170009DF81E30602BE6D102AA08A904A80296D9
:10E18000FFF7DAFAB0F1004F0BD104A802F0AAFEB3
:10E190000028D8D104A802F0A5FE0028D3D101346C
:10E1A000E1E70028CFD18DF82F0004A802F09AFEF5
:10E1B0000028C8D118490B2208A803F010FAD0B9DA
:10E1C0009DF81E10F5290CD1BDF81C000DF10702B9
:10E1D000FFF7E4FA9DF80730002BDBD001232B700A
:10E1E000D8E7A029D6D1291D04A8FFF741FF0028B0
:10E1F000AAD10223F3E709490B2208A803F0EFF99B
:10E200000028C7D19DF81E30002BC3D105F1B40101
:10E2100004A8FFF7A7FABDE7902401089C24010891
:10E22000F0B5002191B0044616464FF456721F46D1
:10E2300008AD03F0CCF9FF2384F8893240F6FF7271
:10E24000009506AB3946304602F01CFD08B1C0B25D
:10E2500004E09DF82E30A02B02D0112011B0F0BDAB
:10E260000CA9284602F050FD002840F09480284672
:10E2700004A9FFF7E9F90546002840F08C80049BCB
:10E28000AB4201D80020E9E79DF83E30002BE4D1F5
:10E2900003A90CA802F0AAFD00287CD10CA802F06A
:10E2A00021FE002877D1039B013B082B11D8DFE822
:10E2B00003F0051722292E424E5878002022211DF6
:10E2C0000CA8FFF7C3FB0028C1D1236843F001036A
:10E2D00023600CA802F006FE00285CD10135CEE7D1
:10E2E0000CA904F12400FFF7E1FB0028AFD123685B
:10E2F00043F00203ECE70CA92046FFF767FA002879
:10E30000E7D0A4E70CA92046FFF74EFBF7E70CA8DF
:10E31000FFF71CFD00283ED104F51D710CA802F08A
:10E32000F3FC002837D104F521710CA8FFF7ACF9F4
:10E330000028CED02FE09DF83E30A02B2BD104F545
:10E3400028710CA8FFF7F8FE0028C2D086E704F277
:10E35000892304F5227204F51C710CA8FFF710FC48
:10E36000F2E79DF83E30402B0AD105A90CA8FFF733
:10E37000ABF9059B184303D1012384F89B32A8E72E
:10E38000102204F28A210CA8FFF760FB6FF009034A
:10E390000341DB0701D5122060E7012384F89A329C
:10E3A00097E79DF83E30002BF5D104F527710CA8B6
:10E3B00002F01CFDBCE70000F0B5044691B00E462B
:10E3C000174600214FF40B7203F001F94F4BC4F8CC
:10E3D0006C3108ADFF2384F8523140F6FF7200958E
:10E3E00006AB3946304602F04DFC00287CD19DF842
:10E3F0002E30A02B78D10CA9284602F085FC0028ED
:10E4000072D1284604A9FFF71FF9054600286BD1F1
:10E4100004F5A97604F25117049BAB4201D8002001
:10E420002FE09DF83E30002B5ED103A90CA802F02E
:10E43000DDFC002858D10CA802F054FD002853D16F
:10E44000039B013B062B0ED8DFE803F014041D26C6
:10E450002C3454002022211D0CA8FFF7F7FA80B9B4
:10E46000012384F824300CA802F03CFD00283BD1A5
:10E470000135D1E70CA904F12800FFF7FBFA0028C9
:10E48000F1D011B0F0BD0CA92046FFF787FC58BBB6
:10E49000012384F87031E6E704F5BA710CA8FFF7A0
:10E4A0004BFEECE733463A4604F5A8710CA8FFF79B
:10E4B00067FBE4E79DF83E30402B0AD105A90CA884
:10E4C000FFF702F9059B184303D1012384F8643157
:10E4D000C9E7102204F253110CA8FFF7B7FA6FF046
:10E4E00009030341DB0701D51220CAE7012384F8A1
:10E4F0006331B8E79DF83E30002BF5D104F5B471D7
:10E500000CA802F073FC0028ADD0EDE74C4F0020C2
:10E51000F0B591B00E46174600214FF4BE7208AD1B
:10E52000044603F054F8009506AB40F6FF723946F6
:10E53000304602F0A7FB10B1122011B0F0BD9DF8DB
:10E540002E30A02BF8D10CA9284602F0DDFB0028C4
:10E55000F2D1284604A9FFF777F805460028EBD149
:10E56000049BAB4201D80020E7E79DF83E30002B2A
:10E57000E2D103A90CA802F039FC0028DCD10CA8D8
:10E5800002F0B0FC0028D7D1039B013B072B0DD82C
:10E59000DFE803F004131924304D5A669DF83E302D
:10E5A000002BC9D121460CA802F020FC0CA802F0D7
:10E5B00099FC0028C0D10135D2E79DF83E30002BF0
:10E5C000BAD1211DEFE704F108010CA8FFF7DAFC2E
:10E5D0000028B2D1012384F85030E7E7102204F17B
:10E5E00051010CA8FFF732FA0028A6D1012384F8C4
:10E5F0006130DBE79DF83E30402B9DD105A90CA88A
:10E6000002F08AFC002897D1059BA3F14002C02AA2
:10E610002ED8C4F8643105AA4FF4807304F1620166
:10E620000CA80593FFF772F80028BFD084E71022EA
:10E6300004F5B4710CA8FFF709FA00287FF47DAF48
:10E64000012384F87831B1E79DF83E10F5297FF475
:10E6500073AF04F27912BDF83C00FFF79FF8A5E70D
:10E660009DF83E10F5297FF467AF04F5BD72F2E71F
:10E67000372062E7014800F013BC00BF606F002044
:10E6800010B5402204460146064802F087FF064ABC
:10E6900004F14003603453F8041B42F8041BA34206
:10E6A000F9D110BD146F0020F46E00200A46014617
:10E6B000014800F021BC00BF606F00200146014806
:10E6C00000F036BC606F002030B591B004460D46B6
:10E6D00040220021684602F07AFF34B1012C1CD0A0
:10E6E000402D04D9012002F09DFC0D4C20252A4626
:10E6F0002146684603F041F86A4640231178013B01
:10E7000081F0360102F8011BF8D1FFF7B3FF402179
:10E710006846FFF7CBFF11B030BD024C2025E6E77D
:10E72000146F0020F46E002070B5044690B01046BF
:10E730000D461646FFF7C2FF40220021684602F050
:10E7400046FF34B1022C23D0402D04D9012002F021
:10E7500069FC114C20252A462146684603F00DF835
:10E760006A4640231178013B81F05C0102F8011BED
:10E77000F8D1FFF77FFF68464021FFF797FF202180
:10E780003046FFF793FF3046FFF798FF10B070BD9B
:10E79000024C2025DFE700BF146F0020F46E00203C
:10E7A00008B5044801F03CFC01F040FC024B186045
:10E7B00008BD00BFA96200085C6F002008B5F7F72C
:10E7C00045FE034B1860034B20221A6008BD00BFB2
:10E7D000586F0020546F002007B51346074A12688F
:10E7E00000920A4601460648006801F0C4FC10B9D0
:10E7F000012002F017FC03B000BD00BF5C6F0020D9
:10E80000586F0020014B1A6801F076BC5C6F002045
:10E8100008B5054B1B6801F00DFC012802D0012052
:10E8200002F000FC08BD00BF5C6F0020012810B59D
:10E830000C4614BF01460849084801F0B2FE0848DA
:10E84000102221461CB9BDE8104002F0C0BEBDE850
:10E85000104002F0A3BE00BFF46E0020F46D002053
:10E86000E46E002001461022024809B902F0AFBE52
:10E8700002F094BEE46E00200A460146014801F011
:10E88000BCBE00BFF46D00200A460146014801F0FD
:10E890008ABE00BFF46D00202DE9F041069C884639
:10E8A000002107461546084622461E46FFF70CFF84
:10E8B00041463846FFF7FAFE31462846FFF7F6FE96
:10E8C0000A482021FFF7F2FE002122460846FFF702
:10E8D0002BFF064B002103F12000FFF7A7FF204686
:10E8E0002021BDE8F041FFF7CFBF00BF146F00202B
:10E8F00013B5054C0094FFF7CFFF044B1C60044B8D
:10E9000020221A6002B010BDD46D0020586F002084
:10E91000546F002070B59AB002AD1E460023144615
:10E9200000951A46FFF7B8FF402200210AA802F01E
:10E930004EFE104B28461A680AA901F0DDFB0AAD0D
:10E94000224612AB2C4603CC9C42106051602546F7
:10E9500002F10802F6D11A463346144603CC596038
:10E960001AA98C421860224603F10803F5D11AB0A7
:10E9700070BD00BF5C6F002070B591F8CE30FF2BEA
:10E9800088B005460C466FD101F1220630462021A1
:10E99000F7F78AFC012867D16B78D3B1FFF76AFEDD
:10E9A000696CA81CFFF782FE6846FFF787FEFFF739
:10E9B00061FE10216846FFF779FE2022002168469B
:10E9C00002F005FE30462021FFF770FEA01CFFF785
:10E9D00075FE626C6B6C9A4205D0264B264A2A2142
:10E9E000264802F001FBFF230126636484F8CE6011
:10E9F0002A7823789A4203D0214B1F4A2E21EFE731
:10EA00006A7863789A4203D01E4B1B4A2F21E7E7AE
:10EA100095F9482094F948309A4203D01A4B164A87
:10EA20003021DDE7B5F84A20B4F84A309A4203D0E5
:10EA3000164B114A3121D3E7022204F14C0105F1B2
:10EA40004C0002F09BFD18B1114B0B4A3221C7E775
:10EA5000802204F14E0105F14E0002F08FFD30B12D
:10EA60000C4B054A3321BBE7002008B070BD30468F
:10EA7000FBE700BF162601088C3001085326010869
:10EA800070260108B1260108EA2601082D27010891
:10EA900064270108C527010810B501460446D022A5
:10EAA000034802F07BFD2046BDE81040F7F7A0BA0E
:10EAB000946C002010B50378E8B0044643B390F896
:10EAC000CE30022B24D034A8F7F7AAFA6846F7F71D
:10EAD000A7FA94F8CE30FF2B11D1694634A8FFF77E
:10EAE0004BFFA8B16846FFF7D7FF94F8CE30022B52
:10EAF0000ED0084B084A09485F2102F075FA012B35
:10EB0000F3D1F7F7D6FB022384F8CE302046EAE7AC
:10EB100068B010BD29280108733001085326010888
:10EB2000014B1878704700BFD86F0020172908B52F
:10EB300008DD04220449104402F020FDB0FA80F000
:10EB4000400908BD0020FCE756280108034B186067
:10EB5000034B00221A70034B19707047D46F0020CA
:10EB6000D16F0020D06F00202DE9F0431E4695B0F4
:10EB700001238DF803303378103B0024012B174616
:10EB80008DF802405AD82046F7F76EFA81462046A3
:10EB9000F7F76AFA80462046F7F766FA05462046F8
:10EBA000F7F762FA4FEA0828040E44EA096408F409
:10EBB0007F082D0A44EA080405F47F452C4301210F
:10EBC0000DF103000194FBF7EFFA04210DEB0100B6
:10EBD000FBF7EAFA01210DF10200FBF7E5FA194B08
:10EBE0003A463146012402A81C7000F07EF8482104
:10EBF0008DF8020002A8FBF7D7FA9DF90230CBB1DD
:10EC0000FBF7ECFA21460DF10300FBF7CDFA0421E6
:10EC10000DEB0100FBF7C8FA002147220DF10900B6
:10EC200002F0D5FC9DF802308DF80830482102A88A
:10EC3000FBF7BAFA044815B0BDE8F0834FF0206442
:10EC4000BDE700BFD86F00200090FFFF042238B559
:10EC500005460C461044084902F090FC50B9074B99
:10EC600002221A7029464622601C00F03EF82070ED
:10EC7000012038BD0020FCE756280108D86F00208D
:10EC800070B54378022B0C461FD1837891F8405021
:10EC900004F14106072B2946304609D1FFF746FF0C
:10ECA000002846F6851008BF4FF4D54000B270BD6D
:10ECB000FFF73CFF80B133462A4604F1200120468D
:10ECC000FFF752FF4FF41040F0E7032B07D14AB98A
:10ECD000BDE87040FBF738BB4FF4D540E6E74FF492
:10ECE000DA40E3E74FF4CE40E0E738B50D46472180
:10ECF0000446FFF72BFF2D78152D22D0202D08D0AC
:10ED0000142D27D10523237000236370A3700020E6
:10ED10000AE0FFF705FF012807D142F21070F7F76C
:10ED2000B1FA01280AD0272038BDFFF7F9FE0228E2
:10ED3000F9D12846FCF744FE0028F4D1F7F71AFB76
:10ED4000E5E747212046F7F7AFFA40B20128DED0C9
:10ED50002120E9E70120E7E72DE9F04FCBB00AAA2F
:10ED600001F1400514464B780E781B0443EA066314
:10ED7000CE7833438E78043143EA06238D4244F83B
:10ED8000043BF0D11024916B16464FEAF14383EA1D
:10ED9000714383EA9123716A366852F8045F314403
:10EDA0000B444FEAB54181EAF51181EAD5010134FE
:10EDB0000B44402CD363E6D1036D0093436D019364
:10EDC000836D0293C36D0393036E0493436E0593A7
:10EDD000836E0693C36E0793DDE9067ADDE9041CB2
:10EDE000DDE90258DDE900462C4B08934FF0000E98
:10EDF0000DF12809089A52F8043B08924FEAF122D3
:10EE000082EAB11282EA7162099259F82E2003EB6C
:10EE1000020B099A27EA01035A4401EA0C0B83EA20
:10EE20000B031A44524486EA05034FEA743A06EA91
:10EE3000050B8AEAB40A23408AEAB45A83EA0B0330
:10EE40000EF1010E5344BEF1400F02EB080B1344C8
:10EE5000A846BA461AD1009A1A44019B0265234477
:10EE60004365029B33448365039B2B44C365049B2A
:10EE70005B440366059B0B444366069B63448366C1
:10EE8000079B3B44C3664BB0BDE8F08F67463546F1
:10EE90008C46264659461C46ACE700BFA430010804
:10EEA0000023002203640023C0E912230B4B0C4A09
:10EEB0000C49DFF840C0C0E914230B4BC0E916131E
:10EEC0000A4BC0E918C30A4B836603F17453A3F5D8
:10EED0002303A3F69243C366704700BF85AE67BBAA
:10EEE00067E6096A72F36E3C3AF54FA58C68059B9C
:10EEF000ABD9831F7F520E5170B50C468D1800267A
:10EF0000AC4200D170BD036C14F8012BC254013324
:10EF1000402B0364F4D10146FFF71EFFD0E9123203
:10EF200013F5007342F10002C0E912320664E7E70C
:10EF300070B5056C8022372D425504460E4600EB15
:10EF4000050337D800F1370200219A422FD1D4E9C6
:10EF50001223ED00AD1843F10003C4E912531BBAAC
:10EF60002DBAC4E90E3521462046FFF7F5FE013ED5
:10EF70001823226DDA4006F8012F626DDA403271F3
:10EF8000A26DDA403272E26DDA403273226EDA40FC
:10EF90003274626EDA403275A26EDA403276E26E18
:10EFA000DA40083B13F1080F3277E2D170BD03F865
:10EFB000011FCAE7C0F101010020CA183F2A08D981
:10EFC00021462046FFF7C8FE3822002102F0FFFA52
:10EFD000BDE703F8010FF0E70000000000000000AB
:10EFE000C3F10803DB0070B501330446002003A51C
:10EFF0005B1920C940CAAD1920C4184720C940CAAE
:10F00000754120C420C940CA754120C420C940CAE6
:10F01000754120C420C940CA754120C420C940CAD6
:10F02000754120C420C940CA754120C420C940CAC6
:10F03000754120C4404170BD000000000000000088
:10F04000C3F10803DB0070B50133002403A500BF42
:10F050005B1920C940CAAD1B20C0184720C940CA4F
:10F06000B54120C020C940CAB54120C020C940CA0E
:10F07000B54120C020C940CAB54120C020C940CAFE
:10F08000B54120C020C940CAB54120C020C940CAEE
:10F09000B54120C06441B4FA84F0400970BD00BF9E
:10F0A0002DE9F041013B00249B00254626462746DA
:10F0B0005FF0000C03E05FEA070CBCEB030CB7EB5E
:10F0C0000C0E52F80E8051F80CE0AEFB08E814EB81
:10F0D0000E0455EB080556F100061CF1040C9C4586
:10F0E00001DCBC45EBDDC4512C4635460026043717
:10F0F0009F42DDDDB7EB430FDDDDC451BDE8F0819C
:10F10000002310B51C465AB2914200DC10BD40F8F5
:10F1100023400133F7E710B500231A465CB2A14241
:10F1200003DCB2FA82F0400910BD50F823400133ED
:10F130002243F3E74A11012350F8220001F01F0196
:10F140008B40184070474B1E10B55BB2041D1A0669
:10F1500003D45A1E54F8221071B101335BB24BB183
:10F1600003F18042013A50F82220B2FA82F2C2EB57
:10F1700043139BB218B210BD1346E8E710B5002345
:10F180005CB2A24200DC10BD51F8234040F823409D
:10F190000133F5E710B5013A52B2130601D500204C
:10F1A00010BD50F8224051F822309C4205D802F19F
:10F1B000FF32F2D24FF0FF30F2E70120F0E730B536
:10F1C00089B0134614460A4601466846FFF738FFE1
:10F1D000214605466846FFF79EFF80F00103A3EB3A
:10F1E000450040B209B030BD00EB810100238842E8
:10F1F00000D3704751F8042D43EA52030B60D30744
:10F20000F5E770B59DF910601D4633460446FFF7DB
:10F21000E7FE30B9324621462846FFF7BBFF0128FA
:10F2200007D033462A4621462046BDE87040FFF706
:10F2300007BF70BD2DE9F04FB7B098469DF900515A
:10F2400002902B4606A8FFF72BFF26ABCDE9043032
:10F2500029464046FFF777FFC0EB851424B2002C07
:10F260002146B8BF04F11F01634203F01F0316AF2C
:10F2700041F3471104F01F06384658BF5E42FFF7BE
:10F280003FFF002E4FEA81002CDD00223844134658
:10F29000C6F1200EAB421AD3AB00039307EB8503F4
:10F2A000019305F1FF3836AB4FEA4509012603EB20
:10F2B0008808002C55DA36AB03EB8606029856F820
:10F2C000C81C2A46FFF75AFF37B0BDE8F08F58F840
:10F2D00023C00CFA06F10A4340F8042B01332CFA40
:10F2E0000EF2D7E72A4641463844FFF747FFD3E7F7
:10F2F0005AF8C83C53F8212036AB03EB810353F88E
:10F30000803C6344D31A34BF4FF0010B4FF0000B25
:10F310009A4204D0BBF1000C18BF4FF0010C5EF80C
:10F32000C82C42F82130013041B24945E0DBA6EB60
:10F330000C035E42294638465E41FFF755FF039BAA
:10F340000198D8336B44294653F8802C58F8803CF8
:10F35000013C43EAC27348F8803C24B2FFF744FF03
:10F36000A7E736AB002086F0010E844603EB860A41
:10F3700003EB8E0ED8E730B51C4691B0054693F9E5
:10F3800000306846FFF78CFED4F8B0306946284656
:10F39000984711B030BD13460A46FFF7ECBFF0B5F1
:10F3A00091B00D461C220021064601A802F00FF97B
:10F3B00001241C22002109A8009402F008F9294622
:10F3C0006A4611F9047B08943B466846FFF708FE3D
:10F3D00039466846FFF7B7FE441E24B2012C06DC0E
:10F3E0003A4608A93046FFF7C9FE11B0F0BD08A99A
:10F3F00008462A46FFF7CFFF21466846FFF79AFEE8
:10F4000028B108A92B4632460846FFF7B4FF013C55
:10F41000E3E70000F0B5082289B0FFF7AFFECB6A42
:10F4200003930B6B04934B6B05938B6B0693CB6B26
:10F4300007930C4606460027134669466A46684607
:10F44000CDE901770097FFF7CBFD082305466A4613
:10F4500031463046FFF7C4FD236B0393636B04937F
:10F46000A36B0593E36B0544CDE906376A46082391
:10F4700069466846FFF7B4FD082305446A463146ED
:10F480003046FFF7ADFD236A0093636A0193A36AD8
:10F490000293A36B0693E36B0793054408236A4624
:10F4A00031463046CDE904770397FFF799FD636A4B
:10F4B0000093A36AA26B0193E36A02930492636BC5
:10F4C000E26B0393CDE90523236A079305440823E0
:10F4D0006A4631463046FFF783FDE36A0093236BAB
:10F4E0000193636B0293236A0693A36A079305440F
:10F4F00008236A4631463046CDE904770397FFF783
:10F500009FFD236B0093636B0193A36B0293E36BEB
:10F510000393636A0693E36A07932D1A08236A46E6
:10F5200031463046CDE90477FFF78AFD636B0093DF
:10F53000A36B0193E36B0293236A0393636A0493BF
:10F54000A36ACDE90537236B07932D1A08236A4672
:10F5500031463046FFF774FDA36B0093E36BCDE9B2
:10F560000137636A0393A36A0493E36ACDE905371D
:10F57000636B07932D1A08236A4631463046FFF71E
:10F580005FFD2D1A10D50D4A082331463046FFF78E
:10F5900027FD2D18F7D409B0F0BD084A08233146DD
:10F5A0003046FFF74DFD2D1A002DF6D103480822F5
:10F5B0003146FFF7EFFD0128EFD1ECE7A831010854
:10F5C000F0B5154689B01C4607460E461A46294630
:10F5D0006846FFF7E0FE23466A4639463846FFF79D
:10F5E000CAFE23462A4669466846FFF7C4FE2346FC
:10F5F0006A4631463046FFF7BEFE09B0F0BD2DE940
:10F60000F843B3F9029019F11F0648BF09F13E060D
:10F610000F4603F1240546F347160146904633464C
:10F620002A463846FFF7DCFC044690B9B9EB461F82
:10F6300006DA49463846FFF77DFD041E18BF01244F
:10F6400033462A4639464046FFF7CAFC2046BDE805
:10F65000F8830124F4E7F0B500254F1E6CB28C420C
:10F6600005F1010500DBF0BD3B1B23F0030603F0B1
:10F6700003039659DB0026FA03F30355EEE7F8B5CA
:10F680000E46D11C48BF911D41F387011446FFF778
:10F6900037FD0025671E6AB2A24205F1010500DBB5
:10F6A000F8BDBB1A23F00301B25C03F00303DB00D7
:10F6B0009A40435813434350EDE700002DE9F84FBB
:10F6C000DFF86CA0DAF8003005460E4614461BB38E
:10F6D00011463046FFF737FDC0EB441005EB8407B9
:10F6E00000B24FF0FF394FEA840B043F4FF040085F
:10F6F00029FA00F9DAF8003059462846984758B1F7
:10F700003B6803EA09033B6021462846FFF703FDF7
:10F7100020B1B8F10108EDD1002006E022462946CB
:10F720003046FFF74CFD0128F3D1BDE8F88F00BF4C
:10F73000DC6F00202DE9F047B3F9024014F11F06F9
:10F7400048BF04F13E06E51D48BF04F10E05ED106B
:10F75000761195424FFA86FA28BF154689465146DA
:10F760009846FFF7CDFC2A464946FFF788FFB4EBE1
:10F77000C50F07464FEAC50320D21B1B002100EB33
:10F780008604C3F12005A7420FD308F1240852468E
:10F7900039464046FFF7FEFC01280FD0534642464B
:10F7A0003846BDE8F047FFF74BBC54F8040D20FA8B
:10F7B00003F20A43226000FA05F1E4E7BDE8F087AE
:10F7C00070B59DF910601D4633460446FFF738FCBE
:10F7D00038B133462A4621462046BDE87040FFF73F
:10F7E000FFBB70BD2DE9F04793F9006092B004466D
:10F7F00089461046314615461F46FFF78CFC002807
:10F8000040F091803A46494602A8FFF7C4FD3B46C6
:10F8100002AA21460AA8FFF7AEFD02A908463A4609
:10F82000FFF7B9FD3B462A4649464846FFF7A3FD88
:10F8300007F104083A4629462846FFF7ACFD43463F
:10F840002A46214620460096FFF7DBFC43462A461F
:10F85000294628460096FFF7D4FC43462A4621460F
:10F8600028460096FFF7ACFF3B462A462146204635
:10F87000FFF781FD43462246214628460096FFF7C2
:10F88000C0FC434600962A4621462046FFF7B9FCB5
:10F890002368DB074AD53346424621462046FFF718
:10F8A0009FFB314682462046FFF79EFC06F18043CF
:10F8B000013B54F8232042EACA7244F823203A4616
:10F8C00021462846FFF767FD43460AAA29462846EF
:10F8D0000096FFF775FF43460AAA29462846009678
:10F8E000FFF76EFF0AA9084643462A460096FFF72F
:10F8F00067FF3B460AAA21462046FFF73CFD02AAC5
:10F900004346104621460096FFF75AFF32462946E5
:10F910002046FFF733FC49462846FFF72FFC02A993
:10F920004846FFF72BFC12B0BDE8F0873146204671
:10F93000FFF75AFCC3E72DE9F04115468AB00446AB
:10F940000E461C22002103A801F041FE2F1D95F94F
:10F95000008003232A46314620460293FFF71BFD11
:10F960003B4602AA21462046CDF80080FFF728FF3B
:10F970002B46324621462046FFF7FDFCCDF800809D
:10F980003B4605F1840221462046FFF73AFC0AB0C7
:10F99000BDE8F0812DE9F0478AB01446DDF848A0B3
:10F9A00055461F4615F9046B0096804689462B463E
:10F9B0000246214602A8FFF703FF02A95246084665
:10F9C000FFF7E9FC534602AA41464046FFF7D3FC45
:10F9D000534602AA21462046FFF7CDFC2B464A4655
:10F9E000394638460096FFF7EBFE5246394602A8E4
:10F9F000FFF7D1FC02A92B46424608460096FFF7C6
:10FA0000DFFE02A92B46224608460096FFF7D8FEE5
:10FA10002B464246214620460096FFF7D1FE53462C
:10FA2000224649464846FFF7A6FC2B4602AA414615
:10FA300020460096FFF7C4FE534622463946384614
:10FA4000FFF799FC2B464A46394638460096FFF7A1
:10FA5000B7FE324602A92046FFF790FB0AB0BDE888
:10FA6000F0872DE9F0479AB01646DDF888804446C5
:10FA7000994614F9045B009507468A4623460246D8
:10FA8000314602A8FFF79CFE02A942460846FFF74E
:10FA900082FC434602AA39463846FFF76CFC4346CF
:10FAA00002AA31463046FFF766FC234652464946D5
:10FAB00002A80095FFF7A5FB234652464946484653
:10FAC0000095FFF77DFE23463A4631460AA8009589
:10FAD000FFF776FE43460AAA51465046FFF74BFC15
:10FAE0002346324639460AA80095FFF78AFB42466C
:10FAF00049463046FFF74FFC23460AAA31463046B6
:10FB00000095FFF75DFE23463246394612A8009560
:10FB1000FFF756FE434612AA49464846FFF72BFC1C
:10FB200023465246494648460095FFF749FE42465D
:10FB300002A912A8FFF72FFC12A923460AAA084619
:10FB40000095FFF73DFE23463A4612A90AA8009504
:10FB5000FFF736FE0AA9434602AA0846FFF70BFC48
:10FB6000234652460AA950460095FFF729FE2A4629
:10FB700012A93846FFF702FB1AB0BDE8F087036808
:10FB800070B513F001060546144605D013460A4623
:10FB90000146FFF725FA064621462846FFF724FBD3
:10FBA00046B104F18042013A55F8223043F0004357
:10FBB00045F8223070BDF0B50F46A1B00646194693
:10FBC000384615461C46FFF7A6FA28B1304621B044
:10FBD000BDE8F040FFF794BA224639466846FFF781
:10FBE000CDFA294608A8FFF7C9FA10A82146FFF761
:10FBF00087FA012318A81093FFF782FA224608A972
:10FC00006846FFF7C7FA30B9224610A93046FFF719
:10FC1000B5FA21B0F0BD009BDA0709D42146684649
:10FC2000FFF7E2FA2246294610A8FFF7A8FFE5E70A
:10FC3000089BDB0707D4214608A8FFF7D5FA224620
:10FC4000294618A8F1E7012823461CD108AA6946CD
:10FC50006846FFF7F5F921466846FFF7C5FA2246E0
:10FC600018A910A8FFF796FA013005D110A923466C
:10FC70002A460846FFF7B4F910A9234618AA0846F1
:10FC8000FFF7DEF9CEE76A4608A8FFF7D9F9214663
:10FC900008A8FFF7A9FA224610A918A8FFF77AFAD0
:10FCA000013005D118A923462A460846FFF798F9DE
:10FCB00018A9234610AA0846FFF7C2F9BFE72DE9A5
:10FCC000F04FB1B0CDE904013B9C94F9006018A855
:10FCD000904632461D46FFF751FAB3000693059B46
:10FCE00003EB8603194628A80293FFF747FA002D75
:10FCF00000F08480294608A8FFF740FA0DF140097A
:10FD0000324618A948460DF1800AFFF737FA28A9AC
:10FD10005046FFF733FA234608AA18A8FFF750FC0D
:10FD2000D4F8A450234608AA28A918A8A84723460F
:10FD300008AA51464846FFF743FCBDF9E850023D8A
:10FD40002DB2002D61DCD8F80050009410AF0DF1F9
:10FD5000800805F0010507EB451908EB451A85F009
:10FD6000010507EB4513039308EB4515039A2B4652
:10FD70005146484604F1040BFFF773FE5B463A46D2
:10FD800018A908A80096FFF71BFD08A923465246AC
:10FD90000846FFF7F0FA08A9059A23460846FFF738
:10FDA000EAFA08A933465A460846FFF704FF08A9AD
:10FDB000029A23460846FFF7DEFA08A923464A4678
:10FDC0000846FFF7D8FA0398009453464A46294656
:10FDD000FFF7E0FD234608AA41463846FFF7F0FB4F
:10FDE000049832463946FFF7C9F90498069B414604
:10FDF0001844FFF7C3F931B0BDE8F08F314608A8C9
:10FE0000FFF77EF90123089378E729464046FFF77C
:10FE100091F90746B7FA87F7011E4FEA571718BF3F
:10FE2000012109EB471B0AEB471709EB41103B4641
:10FE30000AEB41115A46009407910390FFF711FE17
:10FE40000799039800940B46024639465846FFF737
:10FE5000A1FD013D74E730B5144695B005460CAAE6
:10FE60002346084604A902910392FFF7C8FB0194B8
:10FE700014AB80F0010203EB8202638801331BB2F2
:10FE8000009352F8482C002304F144012846FFF760
:10FE900016FF2178490049B22846FFF73CF980F067
:10FEA000010015B030BD00002DE9F04FA9B01D468E
:10FEB000339E059296F900B0CDE903010DF12009BA
:10FEC00010AB59462846CDF818900793FFF723F951
:10FED00018B1002029B0BDE8F08FB6F9028018F102
:10FEE0001F0448BF08F13E0444F3471406F12407F9
:10FEF000224629463846FFF762F901288246E8D1B2
:10FF0000334610AA49462846FFF779FB08F1010855
:10FF100028AB80F0010003EB80000FFA88F3009318
:10FF2000019650F8882C06F1440118A80023FFF729
:10FF3000C6FE594618A8FFF7EEF80028C9D1374B7E
:10FF40001B68002B61D121464846FFF7D9F8CDF850
:10FF500020A03B4608AA294628460094FFF76AF9E4
:10FF600023463A4629462846FFF725FE3B4608AA7F
:10FF7000294628460094FFF75DF996F9011032985A
:10FF800018AAFFF768FBB6F902300399DA1D48BFDB
:10FF900003F10E02D21008A8FFF771FB28AA631E16
:10FFA00002EB8303002210A843F8602C18A95A46DC
:10FFB000FFF7E4F802463B4608A90094FFF73AF938
:10FFC000DDE90412334608A8FFF7B4FB10AA104677
:10FFD0003B4608A90094FFF714F910A908463B46D0
:10FFE0002A460094FFF726F9214610A8FFF7ABF840
:10FFF00096F90110B0EBC10F3FF76BAF329B10AA1F
:020000040801F1
:100000005818FFF728FB012064E722463946484686
:10001000FFF754FB00289CD15BE700BFDC6F00209A
:10002000014B1860704700BFDC6F0020004870472C
:10003000A43101082DE9F04F1C4693F9017093F9A2
:1000400000A0B3F90230A5B09046DA1D48BF03F115
:100050000E020DF1100905460DF1300BD210484685
:1000600014AECDF80890CDF80CB0FFF708FB294688
:100070003A463046FFF703FBE9193A4606EB8A0099
:10008000FFF7FDFA23465A4649464846FFF7B7FAB6
:10009000184B1B6805466BB124AB03EB800352463B
:1000A00053F8889C211D4846FFF708FB18B925B076
:1000B000BDE8F08F9946019424AB85F0010503EB70
:1000C0008505638801331BB2009355F8882C4B4695
:1000D00031463046FFF7F3FD324639464046FFF7DA
:1000E000BAFA2178490049B23046FFF714F880F097
:1000F0000100DCE7DC6F0020F0B5B2F902501446D5
:10010000EA1D99B048BF05F10E02D2100E46014615
:100110006846FFF7B4FA15F11F0248BF05F13E0229
:1001200042F347116846FEF7F6FF10B1002019B000
:10013000F0BD0A4604F124006946FFF740F80128A3
:100140000546F3D108AF224669463846FFF783FEDD
:100150000028EBD094F901103A463046FFF77BFABD
:1001600094F9011094F90020701807EB8202FFF750
:1001700072FA2846DBE72DE9F0478AB00546DDF83C
:1001800048900E4617469846402409F1240AB9F9CA
:10019000023013F11F0248BF03F13E0242F347123F
:1001A000514602A8FFF78AFA50B1CDE9008902ABA7
:1001B0003A4631462846FFF777FE10B9013CE6D1B2
:1001C00000200AB0BDE8F087F0B501F12002034637
:1001D0000C781C704C785C708C789C70CC78DC70DF
:1001E00004318A4203F10403F2D1194A194F082657
:1001F00016F0070C037F457F847FC17F20D112F862
:1002000005C0155D545CD15CF308FB5C8CEA03030C
:1002100090F800C083EA0C0380F8203043785D40FA
:10022000837880F821505C40C37880F82240013602
:1002300059403C2E80F8231000F10400D8D1F0BDC5
:10024000BCF1040F01BFD35C555D145D515CDFE769
:100250006333010858320108F0B5000101F11006BE
:1002600014180D1D0B7814F8017B7B4001F8013B3D
:10027000A942F7D18E4200F10400F1D1F0BD000097
:1002800010B50749021D002310F823400C5D00F84B
:1002900023400133042BF7D101309042F3D110BD3C
:1002A00063330108C30903EB430303EBC30383EA8E
:1002B0004000C0B27047000010B50749021D00237E
:1002C00010F823400C5D00F823400133042BF7D1D4
:1002D00001309042F3D110BD633201082DE9F74F90
:1002E00004460A46884601460020FFF7B5FF01266E
:1002F00004F110092046FFF7C3FF6279637862704A
:10030000627A6271627B6272A27A6373A378A2706E
:10031000A27BA372A379A271E27BA373E378E2705C
:10032000E27AE273E279E272E371254695F800A081
:1003300095F801B0AF78E9788AEA0B0087EA010303
:1003400080EA03020193FFF7ADFF8AEA0000504004
:1003500028708BEA0700FFF7A5FF019B8BEA000BD3
:1003600082EA0B0B85F801B01846FFF79BFF474068
:100370005740AF708AEA0100FFF794FF41404A40BE
:10038000EA700435A945D1D13046013642462146AE
:10039000F6B2FFF761FF0E2EACD12046FFF770FFDB
:1003A000627963786270627A6271627B6272A27A49
:1003B0006373A378A270A27BA372A379A271E27B7C
:1003C000A373E378E270E27AE273E279E2722146A3
:1003D00042463046E37103B0BDE8F04FFFF73CBF43
:1003E0002DE9F04F8BB0044601910A4601460E20DC
:1003F000FFF732FF04F110030D270893627A637B45
:1004000062736279627262786271A27A6370A378B1
:10041000A270A27BA372A379A271E279A373E3789D
:10042000E270E27AE271E27BE272E3732046FFF768
:1004300043FF2146019A3846FFF70EFF214691F807
:1004400000A0CB7800935046FFF72CFF0290FFF7F7
:1004500029FF0390FFF726FF91F8019091F80280A1
:1004600083464846FFF71EFF0246FFF71BFF049036
:10047000FFF718FF06464046FFF714FF0590FFF709
:1004800011FF0990FFF70EFF05460098FFF70AFFDE
:100490000690FFF707FF0790FFF704FF8646DDE9A8
:1004A000023083EA000C8BEA0C0C099B009882EA6C
:1004B0000C0C86EA0C0C83EA0C0C85EA0C0C8EEA18
:1004C0000C0C89EA0C0C88EA0C0C80EA0C0C0498E1
:1004D00081F800C08BEA0202424005987240424017
:1004E00007986A40424082EA0E0200988AEA0202B5
:1004F00088EA020242404A70039A059882EA0B0297
:10050000724042405A40069B6A405A4082EA0E02BC
:10051000009B8AEA020289EA020253408B70029B26
:10052000049A83EA0B0353405E40069B079A75408A
:100530006B4053408EEA03008AEA000A89EA0A09FE
:10054000089B88EA090881F8038004318B427FF414
:1005500076AF013F17F0FF077FF450AF627A637BFD
:1005600062736279627262786271A27A6370A37850
:10057000A270A27BA372A379A271E279A373E3783C
:10058000E270E27AE271E27BE2722046E373FFF707
:1005900093FE019A214638460BB0BDE8F04FFFF7B5
:1005A0005BBEFFF711BE2DE9F04100F1F0050746F3
:1005B0000E4690462B460C46A21B904509D803F1E7
:1005C000100253F8041B45F8041B9342F9D1BDE80F
:1005D000F081611E013B04F10F0011F8012F13F8A7
:1005E00001CF814282EA0C020A70F6D120463946D8
:1005F000FFF774FE23461034DEE72DE9F04306468C
:1006000085B090464C1EC1F101052B19984504F1A7
:10061000010E02D805B0BDE8F08373466A4604F1C6
:1006200011096F46186859689446ACE8030008330E
:100630004B456246F6D131467046FFF7D1FE234660
:1006400006F1EF01103413F8012F11F8010FA34246
:1006500082EA00021A70F6D106F1F00C3B4603CB99
:1006600004AA9342CCF80000CCF804101F460CF109
:10067000080CF3D1C9E770B50446D0E90006331A77
:10068000934215460ADA1EB1D51A0023C4E9003395
:1006900023682B4423604FF0004005E001F06DF823
:1006A00023682B442360002070BD30B519BA85B093
:1006B00015BA182ACDE9021573F100019DF8204002
:1006C0000DF10F0109D204EB15648DF80F4004AB56
:1006D0005A1AFFF7D0FF05B030BDB2F5807F73F135
:1006E00000050FD3B2F5803F73F100020CD3002B4D
:1006F00014BF0323022301229A40891A1834234489
:100700000B70E4E70023F6E70123F4E710B48168F7
:100710009DF8044009B10139816001945DF8044BF2
:10072000FFF7C3BF1FB50446084621680160616832
:100730004160A16809B10139A160541C03F0200196
:10074000B2F1FF3F8460C1600CD141F00401C1608F
:100750001F3301220DF10F018DF80F30FFF78BFFD2
:1007600004B010BD09B11444846000930023FFF766
:100770009CFFF5E7016011440222C0E902234160B9
:10078000704707B500210091FFF7C0FF03B000BD1F
:1007900007B5D91701F0200182EAE372009183EADC
:1007A000E373FFF7B3FF03B000BDA1F11903062BFC
:1007B00007B50A4606D9E02300930023FFF7A6FFFA
:1007C00003B000BD4FF48370FAE773B54023009384
:1007D000002304460D461646FFF798FF3246294689
:1007E000204602B0BDE87040FFF745BF73B56023F7
:1007F0000093002304460D461646FFF787FF324656
:100800002946204602B0BDE87040FFF734BF802380
:10081000FFF788BF10B402F100436FF00044A34219
:1008200004D35DF8044BA023FFF77CBF4FF4806036
:100830005DF8044B70470B6807B50360CA684B68E6
:100840004360520709D5FF2301220DF107018DF8FE
:100850000730FFF710FF03B000BD8A68012A06D0F9
:10086000002A40F2013008BF4FF44070F3E7B3FABA
:1008700083F04009C007EEE700F0DF00402818BF12
:10088000802814BF01200020704701207047FF21FD
:10089000026870B5817315684168A942034602D1A8
:1008A00040F2011070BD0A7802F0E00402F01F026D
:1008B00084731B2A4FF00000D8739A8117D91F2A1E
:1008C00007D040F2031040F20513E02C18BF184681
:1008D000E8E72046FFF7D0FF10B90422DA732DE0D5
:1008E000E02C40F2051008BF4FF48170DAE7172AB8
:1008F00007D9A2F118060120B04001306D1AA842B4
:10090000CED8202C4FEA541009D14FF40070D88172
:10091000172A13D9182A20D14A789A810EE007287D
:10092000F6D1143A072A09D8DFE802F0040C0C0CBF
:100930000E0C0A0A00229A81F5229A730020B1E770
:100940000122DA730A78F8E74A789A811F2AF5D8E3
:10095000FF229A734FF48370A4E7192A03D1B1F8E8
:10096000012052BAD9E7DA7B42F00102B6E7826889
:10097000531C07D1D0E9001309688B4202D01978C3
:10098000FF2901D0FFF783BF013343600023827347
:1009900083601846704783685A1C05D0827BC02A42
:1009A00002D0013B83600BB1FFF7E1BFFF228273EE
:1009B0001846704700F0E1BE08B500F0DFFDB0FA60
:1009C00080F0400908BDF0B505682C4614F8013BDD
:1009D000046003F01F03172B04D813600023536037
:1009E0000020F0BD1B2B22D8A3F118070126BE4022
:1009F000091BB1421ED3182B06D16B780021344459
:100A0000C2E900310460EBE7192B04D1B5F80130DD
:100A10005BBA9BB2F2E71A2B03D1D5F801301BBAAF
:100A2000ECE7D5F80110636809BA1BBAE7E740F2B2
:100A30000510D6E740F20110D3E7000013B50446D5
:100A400050F8043B6A461968FFF7BDFF30B1144BFC
:100A5000144A4FF4A571144800F0C6FAA37B03F0C2
:100A6000DF03402B16D1009A4FF0FF339342019BD6
:100A7000984104D20D4B0B4A40F24D11EBE7E37B5A
:100A80005B0704D50A4B074A4FF4A771E3E7636895
:100A900013446360204602B0BDE81040FFF77BBFFF
:100AA0005B280108F73401086E2801087F28010837
:100AB00098280108F7B5C37B0E46990715460446EA
:100AC00003F0040209D57AB90023204633602B6075
:100AD00003B0BDE8F040FFF75EBF2AB1426843F0C3
:100AE000020301324260C373D4E9007339688B4258
:100AF00003D140F2011003B0F0BD1A78FF2A02D1F1
:100B000001336360E0E7A37B02F0E002934220D16F
:100B10006A46201DFFF757FF10B100232B60EAE75C
:100B2000009A2A604FF0FF339342019B70EB03035E
:100B300002D24FF48060DEE763683968C91A9142D7
:100B4000D7D3336013446360E37B43F00203E37362
:100B5000D1E74FF48270CEE72DE9F04F1E46837B3C
:100B600003F0DF0387B0402BDDE9107A8946904619
:100B700006D0234B234A24484FF4886100F034FA0E
:100B800007B902AF0FC887E80F00012333700025B3
:100B900001AA69463846FFF78DFF0446B0B90099AF
:100BA000D1B1019A12EB050B0ED2307848B1D8F8CA
:100BB00000305B450ED309EB0500D047003818BF65
:100BC000012030705D46E3E74FF48064204607B0B3
:100BD000BDE8F08F2046F4E7337873B1D8F80030E1
:100BE000AB420AD98DF80400012201A909EB0500E6
:100BF000D047003818BF01203070C8F80050E5E732
:100C0000732501087D3401086E28010808B5C37BEF
:100C1000DB070BD4837B0633DBB2012B06D9144BE5
:100C2000144A40F26111144800F0DEF9426813786A
:100C300003F01E011A2904D0104B0E4A4FF4B37171
:100C4000F1E713F0010103D1D2F8010000BA08BDA9
:100C500003F01F031B2B04D0094B064A4FF4B57158
:100C6000E1E7D2F80110D2F8050009BA00BAEEE7C0
:100C7000CA280108213501086E2801084029010809
:100C80007029010810B4044601982144C3E90012F8
:100C9000C0E9003401235DF8044B8360FFF7F7BD22
:100CA00008B50346807BFF2806D10C4B0C4A4FF455
:100CB000ED710C4800F098F9FFF7DEFD20B90A4B02
:100CC000074A40F2DB11F4E79A6822B11846BDE802
:100CD0000840FFF7B3BE032008BD00BF9D290108EF
:100CE000083501086E280108B929010810B5044625
:100CF000A37BC02B01D0002004E02046FFF7D0FFEB
:100D00000028F5D010BD000073B5867B06F0DF0328
:100D1000802B05460C4606D01E4B1F4A40F24D2143
:100D20001E4800F061F90FC884E80F00EB7B5B07F9
:100D30000AD54FF0FF330131A3606160204602B055
:100D4000BDE87040FFF713BE01686A46201DFFF73B
:100D50003AFE20B1124B104A40F25621E0E7DDE99D
:100D600000326FF00101994270EB0201A36005D2DD
:100D70006B6863604FF4806002B070BDA02E03D139
:100D8000002BF5DB5900A1601343D7D1FF23A373D8
:100D9000F2E700BFD1290108C93401086E28010813
:100DA0005B28010808B5827B02F0DF02802A06D0AA
:100DB0000A4B0B4A40F27E210A4800F015F98A7B63
:100DC000FF2A04D0084B064A40F27F21F4E74A6824
:100DD0004260BDE80840FFF7DEBD00BFD129010831
:100DE000AE3401086E280108ED29010838B5827B70
:100DF0000C4632B1104B114A114840F25D3100F0FF
:100E0000F3F8C57B15F001010CD0FFF7FFFEAB072F
:100E10000AD5B0F1004F71F100030AD2C04320603F
:100E2000002038BD8089F2E7B0F1004F71F1000376
:100E3000F5D34FF48060F4E7D92501089334010815
:100E40006E2801087FB5094C094D002918BF2C46B2
:100E5000CDE900340DF10F03FFF77EFE20B99DF8B8
:100E60000F0080F00100C00704B070BD8B080108BE
:100E7000B509010830B5837B85B004461846FFF7F5
:100E8000FBFC0D46014628B1204605B0BDE83040C8
:100E9000FFF7D4BD03F0DF03802B09D04FF0FF3301
:100EA00000936A4623462046FFF7CCFF05B030BDCD
:100EB000A5B169462046FFF727FF0028F6D1013D7E
:100EC000029B23B969462046FFF76CFFEEE72946EF
:100ED0006846FFF7CFFF0028F2D0E7E740F2014075
:100EE000E4E7000008B5827BFF2A06D1074B084AD9
:100EF000084840F20E2100F077F8836823B1BDE87E
:100F000008400321FFF7B6BF032008BD9D29010853
:100F1000E43401086E2801084FF0FF330B60002312
:100F20000A461946FFF78EBF2DE9FF4105460846E0
:100F30000E46144600F02FFCAB7BA02B074606D0D4
:100F4000214B224A224840F21F5100F04DF828461A
:100F50002146FFF7D9FE054688BBDFF87880A368F5
:100F60002BB9FF23A373284604B0BDE8F0812046C7
:100F7000FFF7BCFE18BBA37B602B13D1CDE9004863
:100F80000DF10B0303AA314620460397FFF7E4FD5A
:100F9000A8B99DF80B304BB1204604B0BDE8F04134
:100FA000FFF775BC2046FFF79DFF40B92046FFF7CD
:100FB0009DFE20B92046FFF795FF0028CFD0FF23E4
:100FC000A3730546CFE700BF0F2A01086334010869
:100FD0006E280108B909010808B5062000F03AFB9F
:100FE000012001F01BFA00001FB514461A46094BF8
:100FF0001B680546D8684CB1074B0091CDE9013418
:1010000006492B4600F046FAFFF7E6FF044B1C4664
:10101000F3E700BF18020010262A0108332A01084E
:101020003924010808B5064B044613B10021AFF37B
:101030000080044B1B6803B19847204601F0EEF98D
:101040000000000018710020022B10B50AD0920891
:10105000013A03680C6840F8044B002A41F8043B4D
:10106000F6DC10BD02440C78037800F8014B01F85F
:10107000013B131A002BF6DCF3E7F8B50F461646D2
:1010800004461D4698470028314638460CDAA847E2
:10109000002802DA3C462046F8BD31462046A847E3
:1010A0000028F8DA3446F6E7A8470028F2DC314693
:1010B0002046A8470028F5DAEDE72DE9F04F95B076
:1010C0000746009340EA02039B07154618D1B2F188
:1010D000040818BF4FF001080023019305FB01F439
:1010E0003B19062907EB050B029328D8029B9B4569
:1010F00010D3019B002B40F0178115B0BDE8F08F95
:101100004FF00208E8E743462A4631462046FFF7FB
:101110009BFF0FE05C460EE0661B009B21463046BD
:101120009847002809DDB8F1000FECD12368326838
:10113000226033603446A742EED3AB44D6E74FEA91
:101140005109641B072905FB09793C4421D0282952
:1011500044D9CE086E43009B07EB4602B9193846C6
:10116000FFF78BFF494609EB0602009B8246881B6E
:10117000FFF783FF2246009B8146A11BA4EB46009C
:10118000FFF77BFF02464946009B5046FFF775FF7D
:101190008146B8F1000F24D13B68D9F800203A60AD
:1011A000C9F80030D946A2465E460023A14536D88C
:1011B00003933946009B484698470028039B2CDC44
:1011C0000AD1B8F1000F13D13368D9F8002032608A
:1011D000C9F800302E440123A944E7E72246BA4665
:1011E000D1E743462A4649463846FFF72DFFD9E75F
:1011F00043462A4649463046FFF726FFEAE70BD129
:10120000B8F1000F13D12368DAF800202260CAF881
:101210000030AAEB050A0123641BA1450ED9002B5F
:1012200040D1029B9B45BFF464AF5C4636E0434629
:101230002A4651462046FFF707FFEAE7039339465F
:10124000009B204698470028039BD8DAB8F1000F8E
:1012500007D1D9F800302268C9F800202360641B48
:10126000B9E743462A4621464846FFF7EDFEF6E732
:1012700043462A4631462046FFF7E6FE0DE0661B50
:10128000009B214630469847002809DDB8F1000F41
:10129000EED123683268226033603446A742EED331
:1012A000AB44BEE7A9EB060BF21B5A45A8BF5A4652
:1012B0002AB14346A9EB02013846FFF7C5FE029B5F
:1012C000A3EB0A02AAEB0404521BA24228BF224647
:1012D0002AB102994346891A4846FFF7B5FE029B98
:1012E0005C45A3EB040605D823465C469B46334683
:1012F0003E461F46AB4520D9BBFBF5F1019B072BB2
:101300000BD8B4FBF5F414AA02EBC30343F8406C0A
:1013100043F83C4C019B0133DFE6009B2A463846EC
:10132000FFF7CBFEAC420BD8019B14AA013B019303
:1013300002EBC30353E91071D0E6AC427FF6D9AE9D
:10134000B4FBF5F13746C9E6002310B50446C0E901
:101350000033C0E90433836081814366C2818361C5
:10136000194608225C3000F032F90D4B63620D4BD8
:10137000A3620D4BE3620D4B23630D4B24629C4231
:1013800006D003F16802944202D0D0339C4205D1CA
:1013900004F15800BDE8104000F0E2B910BD00BFF4
:1013A000F5140108171501084F15010875150108F6
:1013B000E06F0020024A0349034800F07DB800BFF7
:1013C0000C020010412001081C02001041680C4B67
:1013D000994210B5044601D000F032FEA168094BD5
:1013E000994202D0204600F02BFEE168064B99425C
:1013F00004D02046BDE8104000F022BE10BD00BF62
:10140000E06F002048700020B07000200C4B0D4AA7
:101410000D4810B504211A600022FFF795FF0A4B12
:1014200001221C46092103F16800FFF78DFF04F13A
:10143000D0000222BDE810401221FFF785BF00BF97
:1014400018710020B5130108E06F0020014800F07A
:1014500088B900BF21710020014800F083B900BFA6
:101460002171002010B50446FFF7F0FF236A1BB17D
:10147000BDE81040FFF7F0BF044B2362044B1B682C
:10148000002BF5D1FFF7C2FFF2E700BFCD13010833
:10149000187100200EB403B5014603AB054853F89C
:1014A000042B0068019300F0A1FA02B05DF804EB90
:1014B00003B07047180200102DE9F843074688462C
:1014C00014460026D4E90195B9F1010905D524682F
:1014D000002CF7D13046BDE8F883AB89012B07D942
:1014E000B5F90E30013303D029463846C0470643CC
:1014F0006835E9E710B50C46B1F90E1000F0D4F8E4
:101500000028ABBF636DA3891B1823F48053ACBFC5
:101510006365A38110BD2DE9F0411F468B89DB0572
:1015200005460C46164605D5B1F90E1002230022D9
:1015300000F0A8F8A389B4F90E1023F48053A38116
:1015400032463B462846BDE8F04100F0D3B810B51E
:101550000C46B1F90E1000F095F8B4F90C30421CAD
:101560000BBF23F4805343F48053A381A38118BF9E
:10157000606510BDB1F90E1000F074B810B50139F6
:101580000244904201D1002005E0037811F8014F98
:10159000A34201D0181B10BD0130F2E7884210B5FC
:1015A00001EB020402D98442234607D8431EA1421C
:1015B00007D011F8012B03F8012FF8E7024482420B
:1015C00000D110BD13F8011D02F8011DF7E7024418
:1015D0000346934200D1704703F8011BF9E710B5A9
:1015E0006AB10139841810F8012B11F8013F9A42B1
:1015F00003D1A04201D0002AF5D1D01A10BD104667
:10160000FCE71F2938B505460C4604D916230360AC
:101610004FF0FF3038BDC26B12B152F821304BB9D8
:10162000284600F065F8224601462846BDE83840C5
:1016300000F04CB8012B0AD0591C03D116230360CB
:101640000120E7E7002142F82410204698470020B7
:10165000E0E70000024B01461868FFF7D2BF00BF69
:101660001802001038B5064D0023044608462B60CA
:1016700000F086FE431C02D12B6803B1236038BD05
:101680001C71002038B5074D04460846114600225B
:101690002A601A4600F09CFE431C02D12B6803B15D
:1016A000236038BD1C71002038B5074D044608463C
:1016B000114600222A601A4600F092FE431C02D115
:1016C0002B6803B1236038BD1C71002038B5074D6D
:1016D00000230446084611462B6000F071FE431CAF
:1016E00002D12B6803B1236038BD00BF1C710020FC
:1016F00000F056BE38B5074D044608461146002294
:101700002A601A4600F082FE431C02D12B6803B106
:10171000236038BD1C71002070B50D4B0D4D5B1B57
:101720009C100026A64209D101F00CFF0A4D0B4B7C
:101730005B1B9C100026A64205D170BD55F8043BEA
:1017400098470136EEE755F8043B98470136F2E733
:101750000000000000000000000000000000000089
:1017600070477047704710F8012B11F8013B012AB0
:1017700028BF9A42F7D0D01A70470A44914200F12C
:10178000FF3300D1704710B511F8014B03F8014F3A
:101790009142F9D110BD034613F8012B002AFBD169
:1017A000181A01387047000038B50546002941D0A5
:1017B00051F8043C0C1F002BB8BFE41800F0E0F80F
:1017C0001D4A136833B9636014602846BDE8384089
:1017D00000F0DCB8A34208D9206821188B4201BF71
:1017E00019685B6809182160EDE71A465B680BB160
:1017F000A342FAD911685018A0420BD120680144C5
:10180000501883421160E0D118685B685360084447
:101810001060DAE702D90C232B60D6E72068211884
:101820008B4204BF19685B68636004BF09182160BC
:101830005460CAE738BD00BF2871002070B50F4E54
:101840000C463168054611B900F0B4FC3060214601
:10185000284600F0AFFC431C03D14FF0FF34204674
:1018600070BDC41C24F00304A042F8D0211A2846FD
:1018700000F0A0FC0130F2D1EFE700BF247100209E
:101880002DE9F843CD1C25F0030508350C2D38BF94
:101890000C25002D064601DBA94204D90C23336038
:1018A0000020BDE8F883DFF8D48000F069F8D8F8AC
:1018B00000301C4644BB29463046FFF7BFFF431C9F
:1018C000044658D1D8F800402746002F43D1002CB9
:1018D0004BD023683946304604EB030900F06AFC1C
:1018E000814542D121686D1A29463046FFF7A6FF8F
:1018F00001303AD023682B442360D8F800305A686E
:1019000062BBC8F800700FE02268521B20D40B2A7B
:1019100017D96119A342256018BF5960636808BFD1
:10192000C8F8001062514B60304600F02FF804F107
:101930000B00231D20F00700C21A1CBF1B1AA35066
:10194000AFE76268A3420CBFC8F800205A60EBE71B
:1019500023466468AEE73C467F68B6E71A465B6894
:10196000A342FBD100235360DEE70C2333603046F3
:1019700000F00CF894E70560D6E700BF287100205E
:101980000148FFF7EEBE00BF207100200148FFF7BD
:10199000E9BE00BF207100209368013B002B10B40A
:1019A000936008DA9469A34201DB0A2903D15DF848
:1019B000044B00F06DBB1368581C1060197008468A
:1019C0005DF8044B7047F8B506460F461446D51827
:1019D000AC4201D1002007E014F8011B3A46304622
:1019E000FFF7DAFF431CF3D1F8BD00002DE9F04703
:1019F0000D469CB014461F46064618B1036A0BB943
:101A0000FFF730FD6B6ED90705D4AB899A0502D478
:101A1000A86DFFF7A6FEAB891B0701D52B699BB903
:101A20002946304600F072FB70B16B6EDC0704D5BE
:101A30004FF0FF301CB0BDE8F087AB899805F7D4B4
:101A4000A86DFFF78FFEF3E70023099320238DF89D
:101A50002930039730236A4F8DF82A304FF0010860
:101A60002346994613F8012B0AB1252AF9D1B9EB7F
:101A7000040A0BD05346224629463046FFF7A3FFFF
:101A8000013000F0A480099A5244099299F800307C
:101A9000002B00F09C8000234FF0FF32CDE905239E
:101AA00009F10109049307938DF853301A934C46BA
:101AB000534814F8011B052200F092FB049BD0B997
:101AC000D90644BF20228DF853201A0744BF2B2289
:101AD0008DF8532099F800202A2A13D0079A4C46F3
:101AE00000204FF00A0C214611F8013B303B092B36
:101AF00049D968B913E0C01B08FA00F018430490F4
:101B0000A146D4E7039A111D12680391002A01DB54
:101B1000079204E0524243F00203079204932378B1
:101B20002E2B0AD163782A2B32D1039B1A1D1B68F6
:101B3000039243EAE37302340593DFF8D4902178EB
:101B40000322484600F04CFB38B1049BA0EB09008F
:101B50004022824013430134049314F8011B2948A6
:101B60008DF82810062200F03BFB00283ED02648C6
:101B700018BB039B073323F0070308330393099B28
:101B8000034409936CE70CFB02320C460120AAE7E0
:101B900000230134059319464FF00A0C204610F833
:101BA000012B303A092A03D9002BC6D00591C4E78E
:101BB0000CFB012104460123F0E703AB00932A4606
:101BC000124B04A93046AFF30080431CD7D16B6E93
:101BD000D90705D4AB899A0502D4A86DFFF7C2FDD9
:101BE000AB895B063FF524AF099823E703AB00936D
:101BF0002A46064B04A9304600F07AF8E5E700BF14
:101C0000622A01086C2A010800000000C7190108B7
:101C1000682A01082DE9F047164698468A680B693C
:101C2000DDF820909342B8BF1346336091F843200B
:101C300007460C460AB1013333602368990642BF58
:101C4000336802333360256815F0060506D104F1C8
:101C5000190AE36832689B1AAB4226DC94F84330D9
:101C60002268003B18BF012392062BD404F14302E3
:101C700041463846C84701301ED02368226903F028
:101C80000603042B02BFE5683368ED1AA3680CBF96
:101C900025EAE57500259342C4BF9B1AED1800267E
:101CA0001A34B5421AD1002008E0012352464146B9
:101CB0003846C847013003D14FF0FF30BDE8F08708
:101CC0000135C6E7E1185A1C302081F84300224450
:101CD00094F8451082F843100233C7E701232246E7
:101CE00041463846C8470130E6D00136D9E7000002
:101CF0002DE9F0430D7E85B0782D90460C9E074669
:101D00000C46994601F1430207D8622D0AD8002DEE
:101D100000F0D780582D00F0BC8004F1420684F812
:101D200042503BE0A5F16303152BF6D801A151F811
:101D300023F000BF8D1D0108A11D01081B1D010816
:101D40001B1D01081B1D01081B1D0108A11D010809
:101D50001B1D01081B1D01081B1D01081B1D01087F
:101D6000A91E0108CB1D01085B1E01081B1D0108EF
:101D70001B1D0108CB1E01081B1D0108CB1D0108FE
:101D80001B1D01081B1D0108631E010833681A1D75
:101D90001B68326004F1420684F842300123A1E05E
:101DA00033682068191D3160060601D51D6803E0FF
:101DB0004506FBD5B3F90050002D03DA2D236D4203
:101DC00084F843305B480A2311E021683368080631
:101DD00053F8045B02D4490648BFADB23360237E9A
:101DE00054486F2B5CD10823002184F843106668A7
:101DF000A660002E05DB21682E4321F0040121603E
:101E000050D01646B5FBF3F103FB115C10F80CC083
:101E100006F801CDAC4663450D46F3D9082B0BD12E
:101E20002368DB0708D5236961689942DEBF302348
:101E300006F8013C06F1FF36921B2261CDF80090B6
:101E4000434603AA21463846FFF7E4FE01304ED14F
:101E50004FF0FF3005B0BDE8F083236843F0200366
:101E600023603548782584F845502368316813F09D
:101E7000800F51F8045B03D113F0400F18BFADB2CF
:101E80003160D90744BF43F0200323601DB1102304
:101E9000AAE72848E7E7236823F020032360F6E752
:101EA0000A23A1E71646B9E7336825686169181D5A
:101EB00030602E061B6801D5196002E06806FBD56C
:101EC0001980002323611646B8E733681A1D326073
:101ED0001E6862680021304600F082F908B1801B5C
:101EE000606063682361002384F84330A6E72369B8
:101EF000324641463846C8470130A9D023689B077F
:101F000013D4E068039B9842B8BF1846A2E70123A8
:101F1000324641463846C847013099D00135E3681A
:101F200003995B1AAB42F2DCEBE7002504F11906DA
:101F3000F5E700BF6C240108732A0108B1F90C20F1
:101F40002DE9F041160705460C4651D44B68002B8D
:101F500002DC0B6C002B49DDE66A002E46D0002324
:101F600012F480522F682B6031D0626DA38959071B
:101F700005D56368D21A636B0BB1236CD21A0023A8
:101F8000E66A216A2846B047421CB4F90C3006D1F3
:101F900029681D2946D8294ACA40D60742D50022B9
:101FA0006260D9042269226004D5421C01D12B68E9
:101FB00003B96065616B2F60C1B104F144039942BC
:101FC00002D02846FFF7F0FB002363630EE0216A8E
:101FD00001232846B0470246501CC7D12B68002B6E
:101FE000C4D01D2B01D0162B1AD12F6000201EE06B
:101FF0000F69002FFAD093070E6808BF4B690F6076
:1020000018BF0023A6EB07088B60B8F1000FEDDDC9
:10201000216AA66A43463A462846B047002808DCAB
:10202000B4F90C3043F04003A3814FF0FF30BDE81A
:10203000F0810744A8EB0008E7E700BF010040205B
:1020400038B50B6905460C4613B90025284638BD3E
:1020500018B1036A0BB9FFF705FAB4F90C30002B7D
:10206000F3D0626ED00704D4990502D4A06DFFF7B7
:1020700078FB28462146FFF761FF636EDA070546C5
:10208000E4D4A3899B05E1D4A06DFFF76BFBDDE7EA
:10209000F8B50E461446054618B1036A0BB9FFF7AA
:1020A000E1F9A369A360A3891A0701D5236943B99C
:1020B0002146284600F02AF818B14FF0FF3738467D
:1020C000F8BD23682269981A6369F6B283423746DD
:1020D00005DC21462846FFF7B3FF0028EDD1A368B1
:1020E000013BA36023685A1C22601E706269431C76
:1020F0009A4204D0A389DB07E1D50A2EDFD121461D
:102100002846FFF79DFF0028D9D0D6E738B5284BE1
:10211000054618680C4618B1036A0BB9FFF7A2F917
:10212000B4F90C301A0721D4D80607D409222A6042
:1021300043F04003A3814FF0FF3030E0590712D540
:10214000616B41B104F14403994202D02846FFF784
:102150002BFB002363630022B4F90C306260226918
:10216000226023F0240343F00803A38122693AB9D3
:102170009A0501D5180603D52146284600F0A4F893
:10218000B4F90C3013F001020AD00022A260626997
:102190005242A261226942B913F08000C8D138BD11
:1021A000990758BF6269A260F4E70020F7E700BF13
:1021B0001802001038B5064D0023044608462B606F
:1021C00000F016F9431C02D12B6803B1236038BD1F
:1021D0001C71002000000000000000000000000052
:1021E00001F0FF01102A2BDB10F0070F08D010F8C8
:1021F000013B013A8B422DD010F0070F42B3F6D1CC
:10220000F0B441EA012141EA014122F007047FF0E4
:1022100000070023F0E80256083C85EA010586EA3B
:10222000010685FA47F5A3FA87F586FA47F6A5FA77
:1022300087F68EB9EED1F0BC01F0FF0102F0070283
:1022400032B110F8013B013A83EA010313B1F8D12E
:102250000020704701387047002D06BF354603380F
:10226000073815F0010F07D1013015F4807F02BF48
:10227000013015F4C03F0130F0BC0138704700BF99
:1022800070B50C46B1F90E10002996B015461E46E1
:102290000ADAA18911F0800113D14FF48062002085
:1022A00031602A6016B070BD6A4600F047F8002819
:1022B000EFDB019901F47041A1F5005359425941F6
:1022C000EBE700214022EAE78B8973B59E070546BC
:1022D0000C4607D504F147032360236101236361A2
:1022E00002B070BD01AB6A46FFF7CAFF009E2846E8
:1022F0003146FFF7C5FAB4F90C3038B99A05EFD476
:1023000023F0030343F00203A381E3E743F08003D8
:10231000A381019B2060C4E90406002BE0D0B4F93E
:102320000E10284600F01CF80028D9D0A38923F00D
:10233000030343F00103A381D2E7000038B5074D42
:1023400000230446084611462B6000F021F8431C88
:1023500002D12B6803B1236038BD00BF1C7100207F
:1023600038B5064D0023044608462B6000F020F8DF
:10237000431C02D12B6803B1236038BD1C710020BF
:10238000024B58221A604FF0FF3070471C7100203A
:10239000024B58221A604FF0FF3070471C7100202A
:1023A000024B58221A604FF0FF3070471C7100201A
:1023B000024B58221A600020704700BF1C71002099
:1023C000024B58221A604FF0FF3070471C710020FA
:1023D000024B58221A604FF0FF3070471C710020EA
:1023E000024B58221A604FF0FF3070471C710020DA
:1023F000044A05491368002B08BF0B4618441060B7
:10240000184670472C71002030710020024B582272
:102410001A604FF0FF3070471C710020FEE700BFCC
:102420007372632F696E69742E6300536F6C6F4B08
:1024300065792074617000E10300E10400553246C3
:102440005F5632001256ABF0006C69622F757362F2
:10245000642F757362645F636F6E662E630032462D
:10246000414B004E6974726F6B65790030313233C5
:10247000343536373839414243444546002E2E2FF5
:102480002E2E2F6669646F322F637461702E630085
:10249000686D61632D736563726574006372656452
:1024A00050726F7465637400616C670073696700D4
:1024B0007835630069640074797065007075626CCA
:1024C00069632D6B6579004649444F5F325F300088
:1024D0004649444F5F325F315F50524500726B0096
:1024E000757000706C617400636C69656E7450691E
:1024F0006E0063726564656E7469616C4D676D74BE
:1025000050726576696577007061636B6564006E13
:10251000616D650069636F6E00646973706C6179E9
:102520004E616D650063626F725F76616C75655FA9
:1025300069735F6D61702876616C756529002E2E58
:102540002F2E2E2F74696E7963626F722F737263F0
:102550002F63626F722E680063626F725F76616CC8
:1025600075655F69735F61727261792876616C75F8
:1025700065290063626F725F76616C75655F697370
:102580005F627974655F737472696E672876616CD7
:10259000756529207C7C2063626F725F76616C7543
:1025A000655F69735F746578745F737472696E6771
:1025B0002876616C7565290063626F725F76616C65
:1025C00075655F69735F627974655F737472696E54
:1025D000672876616C7565290063626F725F76614A
:1025E0006C75655F69735F696E746567657228767F
:1025F000616C7565290063626F725F76616C7565E9
:102600005F69735F626F6F6C65616E2876616C7570
:1026100065290075760073746174655F746D705F11
:102620007074722D3E5F7265736572766564203DCD
:102630003D2073746174655F707265765F30786693
:10264000662D3E70696E5F636F64655F6C656E6773
:102650007468002E2E2F2E2E2F6669646F322F6421
:102660006174615F6D6967726174696F6E2E63007A
:1026700073746174655F707265765F307866662D1D
:102680003E69735F696E697469616C697A6564201B
:102690003D3D2073746174655F746D705F7074721A
:1026A0002D3E69735F696E697469616C697A6564EE
:1026B0000073746174655F707265765F307866660A
:1026C0002D3E69735F70696E5F736574203D3D20B8
:1026D00073746174655F746D705F7074722D3E69A0
:1026E000735F70696E5F7365740073746174655FA6
:1026F000707265765F307866662D3E72656D6169D1
:102700006E696E675F7472696573203D3D207374F6
:102710006174655F746D705F7074722D3E72656D6B
:1027200061696E696E675F74726965730073746165
:1027300074655F707265765F307866662D3E726B89
:102740005F73746F726564203D3D207374617465BE
:102750005F746D705F7074722D3E726B5F73746F17
:10276000726564006D656D636D7028737461746566
:102770005F707265765F307866662D3E6B65795F57
:102780006C656E732C2073746174655F746D705F1B
:102790007074722D3E6B65795F6C656E732C20735F
:1027A000697A656F662873746174655F746D705FB4
:1027B0007074722D3E6B65795F6C656E732929208C
:1027C0003D3D2030006D656D636D702873746174DC
:1027D000655F707265765F307866662D3E6B6579F1
:1027E0005F73706163652C2073746174655F746DD1
:1027F000705F7074722D3E6B65795F737061636595
:102800002C2073697A656F662873746174655F74D0
:102810006D705F7074722D3E6B65795F737061636C
:10282000652929203D3D20300073746174655F6324
:10283000757272656E742D3E646174615F76657247
:1028400073696F6E203D3D2053544154455F56459A
:102850005253494F4E008C2790F600657272203D0E
:102860003D2043626F724E6F4572726F72007372D9
:10287000632F63626F727061727365722E63006C96
:10288000656E677468203D3D202873697A655F74C2
:10289000296C656E677468002869742D3E666C61EA
:1028A000677320262043626F724974657261746F8A
:1028B00072466C61675F556E6B6E6F776E4C656EBE
:1028C00067746829203D3D20300076616C75652D68
:1028D0003E666C61677320262043626F724974659F
:1028E0007261746F72466C61675F496E746567658B
:1028F0007256616C7565546F6F4C61726765207CB0
:102900007C2076616C75652D3E74797065203D3D47
:102910002043626F72466C6F617454797065207CDD
:102920007C2076616C75652D3E74797065203D3D27
:102930002043626F72446F75626C655479706500F4
:10294000282A76616C75652D3E707472202620539E
:102950006D616C6C56616C75654D61736B29203DC2
:102960003D2056616C75653332426974207C7C2051
:10297000282A76616C75652D3E707472202620536E
:102980006D616C6C56616C75654D61736B29203D92
:102990003D2056616C756536344269740069742D4A
:1029A0003E7479706520213D2043626F72496E76D6
:1029B000616C6964547970650069735F66697865F4
:1029C000645F747970652869742D3E747970652927
:1029D0000063626F725F76616C75655F69735F63D8
:1029E0006F6E7461696E657228697429007265631F
:1029F00075727365642D3E74797065203D3D20438A
:102A0000626F72496E76616C6964547970650063B7
:102A1000626F725F76616C75655F69735F6D61701F
:102A2000286D617029002C2066756E6374696F6E65
:102A30003A2000617373657274696F6E202225738A
:102A400022206661696C65643A2066696C652022A3
:102A50002573222C206C696E6520256425732573EF
:102A60000A00232D302B2000686C4C0065666745FA
:102A70004647003031323334353637383961626396
:102A800064656600C39EFBA6FCF44C3E828BFC4A48
:102A90006115A0FF7602760230820272308202183F
:102AA000A003020102020101300A06082A8648CE6C
:102AB0003D040302304E310B300906035504061362
:102AC00002444531163014060355040A0C0D4E69B4
:102AD00074726F6B657920476D62483110300E0655
:102AE0000355040B0C07526F6F74204341311530AE
:102AF0001306035504030C0C6E6974726F6B6579D1
:102B00002E636F6D3020170D323030353038313252
:102B1000303030345A180F323037303034323631AA
:102B200032303030345A3060310B300906035504EE
:102B3000061302444531163014060355040A0C0DE1
:102B40004E6974726F6B657920476D62483122302F
:102B500020060355040B0C1941757468656E746981
:102B60006361746F72204174746573746174696F0A
:102B70006E3115301306035504030C0C6E69747224
:102B80006F6B65792E636F6D3059301306072A8697
:102B900048CE3D020106082A8648CE3D03010703C0
:102BA0004200047FBD8E195E7119B8013A34CE3AE5
:102BB000DE0558ADED50F1D3F36121C026A5C86BF9
:102BC0001D674B2233AE631C93AA7FEE1371D15362
:102BD0008659D1DE34C23794BE14B623B65C86055E
:102BE000C57828A381D23081CF301D0603551D0E34
:102BF000041604141CD8FFEB0BE1FD29FD5FB1B2F4
:102C00009C3EACA679E672F230730603551D230490
:102C10006C306AA152A450304E310B300906035576
:102C200004061302444531163014060355040A0CF9
:102C30000D4E6974726F6B657920476D6248311073
:102C4000300E060355040B0C07526F6F742043417E
:102C50003115301306035504030C0C6E6974726F42
:102C60006B65792E636F6D82140513D6E6AF64D65B
:102C700091FC556746D90EC7EB4A5EF6D730090678
:102C800003551D1304023000300B0603551D0F04BD
:102C900004030204F03021060B2B0601040182E537
:102CA0001C01010404120410C39EFBA6FCF44C3E5C
:102CB000828BFC4A6115A0FF300A06082A8648CE9E
:102CC0003D04030203480030450221009F85427401
:102CD000D3E123BF15DBEB41B6E9DD43A34475D354
:102CE000DD269CB2F60900EC758728BC022001B2F3
:102CF000B1641205FFF796C644BB261464055A5EFC
:102D0000DD340234C59F4E3236AFB0E46C03003080
:102D100082027230820218A0030201020201013015
:102D20000A06082A8648CE3D040302304E310B3095
:102D300009060355040613024445311630140603F0
:102D400055040A0C0D4E6974726F6B657920476DDE
:102D500062483110300E060355040B0C07526F6F9A
:102D6000742043413115301306035504030C0C6ED7
:102D70006974726F6B65792E636F6D3020170D3239
:102D800030303530383039333533355A180F32302A
:102D90003730303432363039333533355A306031AC
:102DA0000B3009060355040613024445311630144E
:102DB000060355040A0C0D4E6974726F6B65792019
:102DC000476D624831223020060355040B0C19412F
:102DD000757468656E74696361746F722041747490
:102DE0006573746174696F6E311530130603550491
:102DF000030C0C6E6974726F6B65792E636F6D30A6
:102E000059301306072A8648CE3D020106082A8655
:102E100048CE3D03010703420004B6A8021D09DDA8
:102E2000488F31DBE37E26D6CDA54411C3342793EA
:102E3000206E510A0C7F2CC887B9A73C4AB4642A7B
:102E4000B78CA1D8C3809F712CC29A735DEF2DA45B
:102E50006625A03ACF496BD20287A381D23081CFB9
:102E6000301D0603551D0E041604142E5B457E56B8
:102E700010B4E5DDB4A9280BD11FE8FEE5C6463045
:102E8000730603551D23046C306AA152A450304EC2
:102E9000310B300906035504061302444531163040
:102EA00014060355040A0C0D4E6974726F6B657934
:102EB00020476D62483110300E060355040B0C0795
:102EC000526F6F74204341311530130603550403CC
:102ED0000C0C6E6974726F6B65792E636F6D821462
:102EE00016620496E9D9F4FF2DA449F17C25F6A8D1
:102EF00057EB66E830090603551D13040230003015
:102F00000B0603551D0F0404030204F03021060BC9
:102F10002B0601040182E51C01010404120410C304
:102F20009EFBA6FCF44C3E828BFC4A6115A0FF3050
:102F30000A06082A8648CE3D0403020348003045AD
:102F4000022024387159C08FE79DEFC3C8DC726A34
:102F500082C2624BAF826FB2740B1C5F1F010CBE4A
:102F60004E540221009A9B6D614B846F8DF7D69A67
:102F7000979665E28C4F580C510116C6DEAB56830E
:102F8000045FD0BB1A00000F20007F007F0406E121
:102F900004007F0000A0000006472F000100D27649
:102FA0000000850101000000040309041201000271
:102FB00000000040A020B142000101020301636251
:102FC0006F725F76616C75655F6765745F7374724D
:102FD000696E675F6C656E6774680063626F725FCD
:102FE00076616C75655F6765745F696E74006362B6
:102FF0006F725F76616C75655F6765745F626F6F36
:103000006C65616E0063626F725F76616C75655F9F
:103010006765745F61727261795F6C656E67746811
:103020000063626F725F76616C75655F636F707964
:103030005F746578745F737472696E670063626F42
:10304000725F76616C75655F636F70795F627974CA
:10305000655F737472696E670063626F725F766139
:103060006C75655F6765745F6D61705F6C656E67D9
:10307000746800646F5F6D6967726174696F6E5F19
:1030800069665F7265717569726564006D69677202
:103090006174655F66726F6D5F46465F746F5F3027
:1030A00031000000982F8A4291443771CFFBC0B5A0
:1030B000A5DBB5E95BC25639F111F159A4823F9203
:1030C000D55E1CAB98AA07D8015B8312BE8531245C
:1030D000C37D0C55745DBE72FEB1DE80A706DC9B1D
:1030E00074F19BC1C1699BE48647BEEFC69DC10FC9
:1030F000CCA10C246F2CE92DAA84744ADCA9B05C05
:10310000DA88F97652513E986DC631A8C82703B0C7
:10311000C77F59BFF30BE0C64791A7D55163CA06D5
:1031200067292914850AB72738211B2EFC6D2C4DE1
:10313000130D385354730A65BB0A6A762EC9C281CF
:10314000852C7292A1E8BFA24B661AA8708B4BC265
:10315000A3516CC719E892D1240699D685350EF48F
:1031600070A06A1016C1A419086C371E4C77482746
:10317000B5BCB034B30C1C394AAAD84E4FCA9C5BBC
:10318000F36F2E68EE828F746F63A5781478C8840D
:103190000802C78CFAFFBE90EB6C50A4F7A3F9BEEF
:1031A000F27871C608200001FFFFFFFFFFFFFFFF5D
:1031B000FFFFFFFF00000000000000000000000013
:1031C00001000000FFFFFFFF512563FCC2CAB9F3F5
:1031D000849E17A7ADFAE6BCFFFFFFFFFFFFFFFFCE
:1031E00000000000FFFFFFFF96C298D84539A1F408
:1031F000A033EB2D817D0377F240A463E5E6BCF8B4
:1032000047422CE1F2D1176BF551BF376840B6CB7E
:10321000CE5E316B5733CE2B169E0F7C4AEBE78E7A
:103220009B7F1AFEE242E34F4B60D2273E3CCE3BEF
:10323000F6B053CCB0061D65BC86987655BDEBB391
:10324000E7933AAAD835C65AE5F700089FF3000875
:1032500037F9000815F400088D0102040810204019
:10326000801B3652096AD53036A538BF40A39E81EF
:10327000F3D7FB7CE339829B2FFF87348E4344C412
:10328000DEE9CB547B9432A6C2233DEE4C950B4233
:10329000FAC34E082EA16628D924B2765BA2496DE6
:1032A0008BD12572F8F66486689816D4A45CCC5D40
:1032B00065B6926C704850FDEDB9DA5E154657A7B9
:1032C0008D9D8490D8AB008CBCD30AF7E45805B828
:1032D000B34506D02C1E8FCA3F0F02C1AFBD0301FC
:1032E000138A6B3A9111414F67DCEA97F2CFCEF027
:1032F000B4E67396AC7422E7AD3585E2F937E81C85
:1033000075DF6E47F11A711D29C5896FB7620EAA64
:1033100018BE1BFC563E4BC6D279209ADBC0FE7805
:10332000CD5AF41FDDA8338807C731B112105927D1
:1033300080EC5F60517FA919B54A0D2DE57A9F9306
:10334000C99CEFA0E03B4DAE2AF5B0C8EBBB3C8377
:10335000539961172B047EBA77D626E16914635519
:10336000210C7D637C777BF26B6FC53001672BFE90
:10337000D7AB76CA82C97DFA5947F0ADD4A2AF9CCB
:10338000A472C0B7FD9326363FF7CC34A5E5F171A2
:10339000D8311504C723C31896059A071280E2EBAB
:1033A00027B27509832C1A1B6E5AA0523BD6B3293B
:1033B000E32F8453D100ED20FCB15B6ACBBE394AC8
:1033C0004C58CFD0EFAAFB434D338545F9027F50CF
:1033D0003C9FA851A3408F929D38F5BCB6DA2110CE
:1033E000FFF3D2CD0C13EC5F974417C4A77E3D6466
:1033F0005D197360814FDC222A908846EEB814DE96
:103400005E0BDBE0323A0A4906245CC2D3AC62911F
:1034100095E479E7C8376D8DD54EA96C56F4EA6509
:103420007AAE08BA78252E1CA6B4C6E8DD741F4B08
:10343000BD8B8A703EB5664803F60E613557B98676
:10344000C11D9EE1F8981169D98E949B1E87E9CE23
:103450005528DF8CA1890DBFE6426841992D0FB038
:1034600054BB1663626F725F76616C75655F6D61E8
:10347000705F66696E645F76616C7565006974651E
:10348000726174655F737472696E675F6368756E8D
:103490006B730063626F725F76616C75655F676501
:1034A000745F696E745F636865636B656400636213
:1034B0006F725F76616C75655F6C656176655F6381
:1034C0006F6E7461696E65720063626F725F7661C0
:1034D0006C75655F656E7465725F636F6E7461694C
:1034E0006E65720063626F725F76616C75655F61B5
:1034F0006476616E636500616476616E63655F69C1
:103500006E7465726E616C0063626F725F76616C7F
:1035100075655F616476616E63655F666978656431
:10352000005F63626F725F76616C75655F6465638F
:103530006F64655F696E7436345F696E7465726E50
:10354000616C0000F8B500BFF8BC08BC9E4670472F
:10355000F8B500BFAD5B0008DCC5CE47ACD601A412
:10356000AB22E13032429DB1D57CA1669E40DBD7D3
:103570006A5DF47D536E8685FC0252BE0CB680C037
:103580004CC345B92B2E47E08CDE3603DF538CB09D
:10359000F96FC3F2885045F50014D1010E5504733C
:1035A0006F6C6F6B6579732E636F6D2F0000000079
:1035B00000093D00B58B0008798B0008A58A00083A
:1035C00000000000158A0008678A00083D8A00088C
:1035D00000000000000000000000000000000000EB
:1035E0000000000000000000000000000A060002C9
:1035F00000000040010000000D8C00083D8C000818
:103600006D8C000800000000158D0008D58C0008A6
:10361000F58C000800000000000000000000000021
:103620005D8D0008458D0008698D0008518D0008EA
:103630000902290001010080320904000002030090
:103640000002092111010001222200070581034027
:103650000005070501034000050000001197000860
:103660001D970008459700082997000861970008F2
:10367000000000000000000006D0F10901A10109CE
:1036800020150026FF0075089540810209211500CC
:1036900026FF00750895409102C000000A0600024E
:1036A0000000004001000000092111000001222259
:1036B0000000000009022900010100803209040015
:1036C000000203000002092111010001222200076B
:1036D00005810340000507050103400005000000C7
:1036E0001D990008019900083598000800000000A5
:1036F000000000001D980008659900080000000007
:103700000000000000000000119800081198000857
:103710001198000829980008999A0008659A0008ED
:10372000B199000800000000AB990008A1990008B9
:103730009D9900080000000000000000000000004B
:103740000000000000000000000000000000000079
:1037500001000000FFFFFF00010000000300000067
:103760000000000003000000E06F00201C020010B9
:1037700000000000E06F002048700020B0700020C2
:103780000000000000000000000000000000000039
:103790000000000000000000000000000000000029
:1037A0000000000000000000000000000000000019
:1037B0000000000000000000000000000000000009
:0C37C00005000000A2DFFF7F01000000F8
:020000040803EF
:045FF80000000000A5
:04600800050000008F
:10880000DCC5CE47ACD601A4AB22E13032429DB1EB
:10881000D57CA1669E40DBD76A5DF47D536E86856C
:00000001FF
